id,question,A,B,C,D,explanation_gpt4,answer_gpt4,answer_62b,labeled_answer,labeled_analysis
0,小麦粒色受独立遗传的三对基因A/a、B/b、C/c-控制．A、B和C决定红色，每个基因对粒色增加效应相同且具叠加性，a、b和c决定白色．将粒色最浅和最深的植株杂交得到F1．Fl的自交后代中，与基因型为Aabbcc的个体表现型相同的概率是____,$1/64$,$3/32$,$15/64$,$5/16$,"我们先来分析题目：

题目给出了小麦粒色受三对独立遗传的基因A/a、B/b、C/c控制。红色由A、B、C决定，而白色由a、b、c决定。每个基因对粒色的增加效应相同且具有叠加性。

将粒色最浅和最深的植株杂交得到F1。根据题意，粒色最浅的植株基因型为aabbcc，而粒色最深的植株基因型为AABBCC。它们杂交得到的F1代基因型为AaBbCc。

接下来，我们分析F1代自交后代中与基因型为Aabbcc的个体表现型相同的概率。首先，我们需要确定Aabbcc的表现型。由于每个基因对粒色的增加效应相同且具有叠加性，我们可以计算出Aabbcc表现型的红色强度为1，因为它只有一个A基因。

接下来，我们需要确定F1代自交后代中，红色强度为1的概率。F1代自交时，基因型AaBbCc的遗传组合有如下几种情况：

1. AAbbCc: 红色强度为2
2. AaBbCc: 红色强度为3
3. aaBbCc: 红色强度为1
4. AABbCc: 红色强度为2
5. AabbCc: 红色强度为1
6. AABBcc: 红色强度为2
7. AaBBcc: 红色强度为1
8. aaBBcc: 红色强度为0

我们可以看到，红色强度为1的组合有3种，总共有8种组合。因此，与基因型为Aabbcc的个体表现型相同的概率为3/8。

现在，我们需要考虑每个基因的独立遗传概率。对于A/a、B/b和C/c，每个基因的遗传概率都是1/2。因此，AaBbCc自交后代中，红色强度为1的概率为：

(3/8) * (1/2)^3 = 3/32

所以，正确答案是：

B",B,C,,
1,通常情况下，分子式为C63H103O45N17S2的化合物最可能属于：____,多肽,氨基酸,核苷酸,肝糖元,"我们可以通过分析分子式中的元素数量来判断这个化合物可能属于哪一类生物分子。

首先，我们来看各个选项的特点：
A: 多肽 - 由多个氨基酸通过肽键连接而成，主要包含碳、氢、氧、氮元素。
B: 氨基酸 - 生物体内最基本的单元，由氨基、羧基、碳原子以及一个不同的侧链组成，主要包含碳、氢、氧、氮元素。
C: 核苷酸 - 由糖、磷酸和碱基组成，主要包含碳、氢、氮、磷元素。
D: 肝糖元 - 由多个葡萄糖分子组成，主要包含碳、氢、氧元素。

现在我们来分析题目中给出的分子式：C63H103O45N17S2
我们可以看到这个化合物中包含碳、氢、氧、氮和硫元素。由于其中没有磷元素，所以可以排除核苷酸（选项C）。另外，由于其含有硫元素，可以排除肝糖元（选项D），因为肝糖元主要由葡萄糖组成，不含硫。

现在我们需要在多肽（选项A）和氨基酸（选项B）之间进行选择。氨基酸的分子量通常在100-200之间，而题目给出的化合物分子量远大于这个范围。因此，这个化合物最有可能是由多个氨基酸组成的多肽（选项A）。而且，我们知道有两种氨基酸含有硫元素，即半胱氨酸和半胱氨酸，由此可见这个化合物很有可能是一个含有这两种氨基酸的多肽。

所以，正确答案是：
A",A,A,,
2,下列关于人类性别决定与伴性遗传的叙述，正确的是____,生殖细胞中只表达性染色体上的基因,性染色体上的基因都与性别决定有关,性染色体上的基因都伴随性染色体遗传,精母细胞和次级精母细胞中一定都含有X染色体,"我们可以逐一分析每个选项：

A: 生殖细胞中只表达性染色体上的基因。这个说法是错误的，生殖细胞中不仅仅表达性染色体上的基因，还表达常染色体上的基因。

B: 性染色体上的基因都与性别决定有关。这个说法也是错误的，性染色体上的基因不仅仅与性别决定有关，还包括其他与性无关的功能基因。

C: 性染色体上的基因都伴随性染色体遗传。这个说法是正确的，因为性染色体上的基因遗传方式与性染色体的遗传方式是一致的。例如，女性有两个X染色体，男性有一个X染色体和一个Y染色体，所以女性的一个X染色体来自母亲，另一个X染色体来自父亲；男性的X染色体来自母亲，Y染色体来自父亲。因此，性染色体上的基因遗传方式与性染色体遗传方式是一致的。

D: 精母细胞和次级精母细胞中一定都含有X染色体。这个说法是错误的，精母细胞经过减数分裂产生四个次级精母细胞，其中两个含有X染色体，另外两个含有Y染色体。

综上所述，正确答案是：

C",C,C,,
3,假说一演绎法是现代科学研究中常用的一种科学方法，其基本思路是发现问题→提出假说→演绎推理→实验检验→得出结论。下列属于孟德尔在发现基因分离定律时的“演绎推理”内容的是____,"若遗传因子位于染色体上,则遗传因子在体细胞中成对存在",由F2出现了“3：1”的表现型比，推测生物体产生配子时，成对遗传因子彼此分离,若F1产生配子时成对遗传因子分离，则F2中三种基因型个体比接近1:2：1,"若F1产生配子时成对遗传因子分离,则测交后代会出现接近1：1的两种性状比","我们首先要了解孟德尔的基因分离定律。基因分离定律又称孟德尔第一定律，指的是在生物体的有性生殖过程中，个体的生殖细胞中的遗传因子（基因）在形成配子时，各自独立分离，互不干扰。

现在我们来分析这四个选项：

A: 若遗传因子位于染色体上,则遗传因子在体细胞中成对存在
这个选项描述的是遗传因子在染色体上的存在形式，与孟德尔的基因分离定律的演绎推理无关。

B: 由F2出现了“3：1”的表现型比，推测生物体产生配子时，成对遗传因子彼此分离
这个选项是关于孟德尔发现基因分离定律时的演绎推理内容，因为这是他观察到的现象，并由此推测生物体产生配子时成对遗传因子彼此分离。

C: 若F1产生配子时成对遗传因子分离，则F2中三种基因型个体比接近1:2：1
这个选项描述的是遗传因子在F2代中的比例，而不是演绎推理的过程。

D: 若F1产生配子时成对遗传因子分离,则测交后代会出现接近1：1的两种性状比
这个选项描述的是测交后代的性状比例，与孟德尔基因分离定律的演绎推理无关。

综上所述，正确答案是B选项。
B",B,C,,
4,下列不能解除植物顶端优势的措施是____,去掉顶芽,在去掉顶芽的断口处放一块含有生长素的羊毛脂,在去掉顶芽的断口处放一块含有细胞分裂素的羊毛脂,在去掉顶芽的断口处放上琼脂小块,"植物顶端优势是指顶芽对侧芽生长的抑制作用。这种抑制作用主要是由于顶芽内生长素的作用。生长素可以通过顶芽的分泌向下转运，抑制侧芽的生长。

A选项：去掉顶芽，可以解除顶端优势，因为顶芽中的生长素不再影响侧芽的生长。

B选项：在去掉顶芽的断口处放一块含有生长素的羊毛脂，这相当于恢复了顶芽的生长素分泌，侧芽仍然会受到生长素的抑制，不能解除顶端优势。

C选项：在去掉顶芽的断口处放一块含有细胞分裂素的羊毛脂，细胞分裂素与生长素作用不同，它主要促进细胞分裂，但不会抑制侧芽生长。因此，这种方法可以解除顶端优势。

D选项：在去掉顶芽的断口处放上琼脂小块，琼脂本身不含激素，对顶端优势没有影响。因此，这种方法可以解除顶端优势。

综上所述，不能解除植物顶端优势的措施是：

B",B,B,,
5,某种基因型为Aa的高等植物产生的雌雄配子的数目是____,雄配子很多，雌配子很少,雌配子：雄配子=1：3,A雌配子：a雄配子=1：1,雌配子：雄配子=1：1,"在这道题目中，我们需要考虑的是雌雄配子的产生过程。高等植物通过减数分裂产生配子。对于基因型为Aa的植物来说，我们需要考虑在减数分裂过程中基因的分离情况。

在减数分裂过程中，Aa基因型的个体会产生两种类型的配子：A型和a型。由于A和a基因在同一对染色体上，它们在减数分裂过程中会以1:1的比例分离到不同的配子中。

所以，Aa基因型的植物产生的雌雄配子数目应该是：A雌配子：a雄配子=1：1。

因此，正确答案是：
C",C,D,,
6,"RNA聚合酶能以一条DNA链或RNA链为模板催化RNA的合成，因为在细胞内遗传信息转录与RNA有关,所以也称转录酶。下列有关叙述中错误的是____",RNA聚合酶催化RNA合成期间，一定有腺嘌呤与胸腺嘧啶的配对现象,"DNA的复制和基因的转录，DNA双链都要先解旋,前者需要用到解旋酶",转录过程消耗的原料是核糖核苷酸，而逆转录消耗脱氧核苷酸,肌细胞内有蛋白质的更新，其细胞核内应存在有活性的RNA聚合酶,"首先，我们来分析每个选项：

A: RNA聚合酶催化RNA合成期间，一定有腺嘌呤与胸腺嘧啶的配对现象
RNA合成是基于DNA模板进行的，而在RNA中，鸟嘌呤（A）与尿嘧啶（U）配对，而不是腺嘌呤（A）与胸腺嘧啶（T）配对，所以这个选项是错误的。

B: DNA的复制和基因的转录，DNA双链都要先解旋,前者需要用到解旋酶
这个选项是正确的。在DNA的复制和基因的转录过程中，DNA双链确实需要先被解旋。在DNA复制过程中，解旋酶负责解开DNA双链。

C: 转录过程消耗的原料是核糖核苷酸，而逆转录消耗脱氧核苷酸
这个选项也是正确的。转录过程中，RNA聚合酶会使用核糖核苷酸作为原料合成RNA。而逆转录过程中，逆转录酶会使用脱氧核苷酸作为原料合成DNA。

D: 肌细胞内有蛋白质的更新，其细胞核内应存在有活性的RNA聚合酶
这个选项同样是正确的。肌细胞内的蛋白质更新需要通过基因表达来实现，而基因表达的第一步就是转录过程，这个过程需要活性的RNA聚合酶。

综上所述，错误的叙述是选项A。

A",A,A,,
7,下列关于隔离的叙述不正确的是____,阻止了种群的基因交流,对所有的物种来说，地理隔离必然导致生殖隔离,东北虎与华南虎之间存在地理隔离,不同的物种之间必然存在着生殖隔离,"我们来分析一下每个选项的正确性：

A: 阻止了种群的基因交流 - 隔离确实会阻止种群间的基因交流，这是隔离导致物种分化的一个重要原因。所以这个选项是正确的。

B: 对所有的物种来说，地理隔离必然导致生殖隔离 - 地理隔离是指物种分布区域之间的地理屏障，如山脉、河流等。地理隔离可能导致生殖隔离，但并非必然。有些物种在地理隔离后可能仍然能够通过迁徙或者人为传播等方式进行基因交流。所以这个选项是错误的。

C: 东北虎与华南虎之间存在地理隔离 - 东北虎和华南虎分布在中国的不同地理区域，它们之间确实存在地理隔离。所以这个选项是正确的。

D: 不同的物种之间必然存在着生殖隔离 - 生殖隔离是指不同物种之间由于生殖器官的差异、繁殖行为的差异等原因，使得它们无法进行有效的繁殖。这是保持物种独立性的一个重要机制。所以这个选项是正确的。

综上所述，不正确的叙述是选项B。

B",B,B,,
8,肥胖症周大会公布了肥胖症新药司美格鲁肽( Wegovy)。数据显示，接受Wegovy治疗的成人患者，在两年研究期间实现了显著和持续的体重减轻。下列叙述错误的是____,Wegovy只能注射不能口服,组成Wegovy的基本单位在人体中有21种,Wegovy彻底水解后能和双缩脲试剂发生紫色反应,Wegovy是一种信息分子，不能直接参与细胞的生命活动,"根据题目描述，Wegovy是一种用于治疗肥胖症的新药。接下来我们来分析每个选项：

A: Wegovy只能注射不能口服。这个选项没有提供足够的信息来判断正确与否，但是一般来说，许多荷尔蒙或生物活性物质需要通过注射来维持其活性，因为口服可能导致在消化过程中活性丢失。所以这个选项暂时保留。

B: 组成Wegovy的基本单位在人体中有21种。这个选项似乎在暗示Wegovy是由氨基酸组成的，因为人体中有20种常见氨基酸，再加上司美格鲁肽本身，共有21种。然而，题目并没有明确说明Wegovy是由氨基酸组成的，所以这个选项可能是错误的。

C: Wegovy彻底水解后能和双缩脲试剂发生紫色反应。双缩脲试剂主要用于检测蛋白质，通过检测蛋白质中的肽键来发生紫色反应。根据B选项的分析，Wegovy可能是由氨基酸组成的，那么它水解后可能会和双缩脲试剂发生紫色反应。所以这个选项暂时保留。

D: Wegovy是一种信息分子，不能直接参与细胞的生命活动。这个选项表明Wegovy不能直接参与细胞的生命活动，但作为一种治疗肥胖症的药物，它肯定会对人体产生一定的生物效应。所以这个选项可能是错误的。

综合以上分析，B选项和D选项都存在错误的可能。然而，根据常识，氨基酸在人体中有20种，而不是21种。所以B选项的错误概率更大。

B",B,B,,
9,红细胞吸收无机盐和葡萄糖的共同点是____,都可以从低浓度到高浓度一边,都需要供给ATP,都需要载体协助,既需要载体协助又需要消耗能量,"我们来分析一下每个选项：

A: 都可以从低浓度到高浓度一边。这个选项说明了两者都可以通过主动运输的方式进行，但是红细胞吸收无机盐和葡萄糖的过程中并非都是从低浓度到高浓度，例如无机盐可能通过被动扩散的方式进入红细胞。所以这个选项是错误的。

B: 都需要供给ATP。这个选项表示两者都需要消耗能量进行运输。但是无机盐可以通过被动扩散进入红细胞，不需要消耗能量。所以这个选项也是错误的。

C: 都需要载体协助。这个选项表示红细胞吸收无机盐和葡萄糖都需要通过载体蛋白进行。实际上，葡萄糖是通过葡萄糖转运蛋白(GLUT)进行主动运输进入红细胞的。而无机盐，如钠离子和钾离子，可以通过离子通道进行被动扩散，也可以通过Na+/K+-ATP酶进行主动运输。所以这个选项是正确的。

D: 既需要载体协助又需要消耗能量。这个选项表示两者都需要消耗能量并且通过载体蛋白进行运输。然而，我们在选项B中已经讨论过无机盐可以通过被动扩散进入红细胞，不需要消耗能量。所以这个选项是错误的。

综上所述，正确答案是：

C",C,C,,
10,减数分裂过程中，染色体数目减半发生在____,初级精母细胞形成时,次级精母细胞形成时,精子细胞形成时,精子形成时,"减数分裂是生物体生殖细胞发生的一种特殊类型的细胞分裂过程，其中染色体数目减半。这个过程在生物体生殖细胞的形成过程中非常关键。在动物中，这一过程主要发生在精子和卵子的形成过程中。

首先，初级精母细胞会经过减数第一分裂（亦称为减一分裂）形成次级精母细胞。在减数第一分裂过程中，同源染色体之间会发生配对和重组，之后进行染色体分离，使得每个次级精母细胞中的染色体数目减半。

其次，次级精母细胞会继续进行减数第二分裂（亦称为减二分裂），这个过程中染色体数目不发生变化，但是染色单体会分离。最终形成的是精子细胞（动物）或者四个具有单倍染色体的配子（植物）。

根据以上解析，染色体数目减半发生在初级精母细胞形成次级精母细胞的过程中，即减数第一分裂过程中。

所以正确答案是：

B",B,B,,
11,下列名称中，通常属于活细胞的一组是____?①血小板   ②植物的导管   ③木纤维     ④花粉   ⑤抗体     ⑥胃蛋白酶     ⑦大肠杆菌,①②③,④⑤⑥,②④⑥,①④⑦,"首先我们来分析每一个选项：

①血小板：血小板是血液中的一种细胞碎片，它们起源于巨核细胞的细胞质碎片，因此血小板本身不是活细胞。

②植物的导管：植物导管是植物体内负责输送水分和无机物质的细胞，它们在成熟后失去细胞核，属于非活细胞。

③木纤维：木纤维是植物体内的一种细胞，它们的细胞壁加厚，细胞腔中的原生质消失，属于非活细胞。

④花粉：花粉是种子植物雄蕊产生的微小颗粒，是雄性配子母细胞的外壳，具有活性，属于活细胞。

⑤抗体：抗体是由免疫系统的B淋巴细胞产生的一种蛋白质，它们不是细胞，而是一种生物分子。

⑥胃蛋白酶：胃蛋白酶是一种消化酶，由胃壁细胞分泌，它本身也不是细胞，而是一种生物分子。

⑦大肠杆菌：大肠杆菌是一种细菌，属于原核生物，它们具有活性，属于活细胞。

根据以上分析，我们可以得出正确答案是包含活细胞的组合：血小板(非活细胞)、花粉(活细胞)和大肠杆菌(活细胞)。

D",D,D,,
12,沙漠中旱生植物细胞中含量最多的物质是____,蛋白质,糖类,脂肪,水,"在沙漠中，旱生植物需要适应干旱的环境。为了更好地保存水分，这些植物的细胞中含有大量的不同类型的物质。我们来分析一下这四个选项：

A: 蛋白质 - 蛋白质是生物体内重要的组成成分，但在旱生植物细胞中，蛋白质含量并不一定是最多的。

B: 糖类 - 糖类作为植物的主要能量来源，在旱生植物细胞中含量较高。然而，糖类含量是否最多需要与其他选项进行比较。

C: 脂肪 - 脂肪在细胞中的主要作用是储存能量和作为细胞膜的组成成分。虽然脂肪含量在旱生植物细胞中可能较高，但与糖类相比，其含量并不是最多的。

D: 水 - 旱生植物虽然生长在干旱的环境中，但它们的细胞中仍然需要含有一定量的水分以维持正常生理功能。实际上，植物细胞中的水含量通常占细胞重量的70%-90%。

综合以上分析，旱生植物细胞中含量最多的物质是水。

D",D,D,,
13,细菌、真菌等营腐生生活的微生物，在生态系统中占有重要地位，主要是因为它们____,数量极多，分布广,是食物链中的一个环节,分解者的营养级别最高,能把有机物分解成无机物，归还到无机环境中,"我们来分析一下每个选项：

A: 数量极多，分布广。虽然细菌和真菌数量极多且分布广泛，但这并不是它们在生态系统中占有重要地位的主要原因。

B: 是食物链中的一个环节。细菌和真菌作为分解者，它们在食物链中确实占有一定的地位，但这并不是它们最主要的功能。

C: 分解者的营养级别最高。这个选项是错误的，因为分解者并不是营养级别最高的生物。实际上，分解者在食物链中处于较低的营养级别。

D: 能把有机物分解成无机物，归还到无机环境中。这个选项是正确的。细菌、真菌等分解者的主要功能就是分解有机物质，将其中的营养物质释放出来，使其重新进入生态系统的循环。这样，其他生物可以利用这些营养物质生长和繁殖，使生态系统得以维持。

因此，正确答案是 D。",D,D,,
14,由于实验材料用品所限，有时候需要设法替代，下列各项中正确的是____,做低温诱导染色体数目变化的实验时，可用龙胆紫代替改良苯酚品红染液,在观察植物细胞的有丝分裂实验时，用洋葱表皮代替根尖,制备细胞膜的实验用新鲜鸡血作为替代材料,诱导植物细胞染色体数目加倍必须使用一定浓度的秋水仙素处理,"我们来逐个分析每个选项：

A: 龙胆紫是一种可以用来染色细胞核的染料，而改良苯酚品红染液通常用于染色体的染色。这两者的用途不同，因此不能互相替代。

B: 在观察植物细胞的有丝分裂实验时，我们通常使用根尖，因为根尖细胞分裂活跃。而洋葱表皮的细胞分裂速度相对较慢，不适合观察有丝分裂。因此，不能用洋葱表皮代替根尖。

C: 制备细胞膜的实验通常需要用红细胞，新鲜鸡血可以提供红细胞，但是需要经过一定的处理才能获得细胞膜。因此，这个选项也不正确。

D: 秋水仙素是一种可以诱导植物细胞染色体数目加倍的药物，它可以抑制细胞有丝分裂过程中的纺锤丝形成。使用一定浓度的秋水仙素处理植物细胞确实可以诱导染色体数目加倍。

综上所述，正确答案是：

D",D,A,,
15,以下关于真核细胞和原核细胞的说法中，正确的是____,发菜细胞群体呈黑蓝色，无叶绿素，不能进行光合作用,细菌和酵母菌在结构上的相同点：都有细胞壁、细胞膜、核糖体等,哺乳动物成熟的红细胞中没有细胞核，属于原核细胞,念珠藻是由许多细胞构成的真核生物,"我们来逐个分析每个选项：

A: 发菜细胞群体呈黑蓝色，无叶绿素，不能进行光合作用。发菜是一种蓝藻，属于原核生物，确实呈黑蓝色。但是蓝藻中含有类叶绿素的色素，可以进行光合作用。所以这个选项是错误的。

B: 细菌和酵母菌在结构上的相同点：都有细胞壁、细胞膜、核糖体等。细菌属于原核生物，酵母菌属于真核生物。尽管它们都有细胞壁、细胞膜和核糖体，但是细菌的细胞壁主要由肽聚糖组成，而酵母菌的细胞壁主要由葡聚糖组成。因此，它们在结构上有一定的相似性，这个选项是正确的。

C: 哺乳动物成熟的红细胞中没有细胞核，属于原核细胞。哺乳动物的红细胞在成熟过程中确实会失去细胞核，但它们依然属于真核细胞。因为它们的起源是真核细胞，成熟过程中只是失去了某些结构。所以这个选项是错误的。

D: 念珠藻是由许多细胞构成的真核生物。念珠藻是一种藻类生物，属于真核生物。但是它们是单细胞生物，而不是由许多细胞构成的。所以这个选项是错误的。

综上所述，正确答案是：

B",B,B,,
16,1903年美国遗传学家萨顿关于“基因位于染色体上”的假说是如何提出的____,通过做实验研究得出的,运用假说—演绎法提出的,运用类比推理提出的,运用系统分析法提出的,"这道题目考察的是高中生物知识中关于基因和染色体的历史背景。1903年，美国遗传学家萨顿（Walter Sutton）提出了“基因位于染色体上”的假说。这一假说的提出过程如下：

萨顿在研究昆虫和草履虫的生殖细胞分裂时发现，染色体的行为与孟德尔遗传规律的表现相吻合。他注意到细胞分裂过程中染色体的分离和配对行为与孟德尔的遗传规律一致。例如，染色体在减数分裂的过程中，同源染色体配对并分离，这与孟德尔的分离定律相符。此外，不同染色体在减数分裂过程中相互独立分离，这与孟德尔的独立分配定律相符。

基于这些观察，萨顿提出了“基因位于染色体上”的假说。这一假说是通过做实验研究得出的。因此，本题的正确答案是：

A",A,C,,
17,"为验证光是植物生长发育的必要条件，设计如下实验：选择生长状况一致的小麦幼苗200株，随机均分为实验组和对照组，分别处理并预期结果。下面是关于实验组或对照组的处理方法和预期结果的几种组合，其中正确的是____
①实验组 ②对照组 ③黑暗中培养 ④在光下培养 ⑤生长良好 ⑥生长不良",②③⑤,①③⑥,①④⑤,②④⑥,"我们需要验证光是植物生长发育的必要条件，所以我们需要将实验组和对照组进行不同的处理，以观察它们的生长情况。

实验组：我们应该在黑暗中培养，即①③。
对照组：我们应该在光下培养，即②④。

预期结果：由于光是植物生长发育的必要条件，所以实验组（黑暗中培养）的生长情况应该不良，即①⑥。而对照组（光下培养）的生长情况应该良好，即②⑤。

所以，正确的答案是：实验组在黑暗中培养，生长不良；对照组在光下培养，生长良好。即选项B: ①③⑥。

B",B,B,,
18,经查发现，某地区青菜虫种群的抗药性不断增强，其原因是连续多年对青菜虫使用农药.下列叙述正确的是____,使用农药导致青菜虫发生抗药性变异,青菜虫抗药性的增强是人工选择的结果,通过选择导致青菜虫抗药性不断积累,环境是造成青菜虫抗药性不断增强的动力,"我们来分析一下每个选项：

A: 使用农药导致青菜虫发生抗药性变异
这个选项的表述不太准确，使用农药不会直接导致青菜虫发生抗药性变异。抗药性变异是基因突变的结果，而农药的使用可能会对这些抗药性变异的个体产生选择压力。

B: 青菜虫抗药性的增强是人工选择的结果
这个选项也不完全正确，人工选择通常是指人们有意识地选择某些性状的生物进行繁殖，而农药的使用并非有意识地选择抗药性的青菜虫。

C: 通过选择导致青菜虫抗药性不断积累
这个选项更接近正确答案，因为农药的使用会对抗药性的青菜虫产生选择压力，使得这些抗药性的个体更容易生存和繁殖，从而导致抗药性的积累。

D: 环境是造成青菜虫抗药性不断增强的动力
这个选项也是正确的，因为农药的使用改变了青菜虫的生存环境，使得抗药性的个体更容易生存和繁殖。环境是造成抗药性不断增强的动力。

综上所述，选项C和D都比较接近正确答案，但是选项D更全面地反映了农药使用对青菜虫抗药性的影响。因此，正确答案是：

D",D,C,,
19,鉴定可溶性还原糖、蛋白质、脂肪，观察DNA、RNA在细胞中的分布，所用实验材料均合理的一组是____,韭菜叶、豆浆、大豆、洋葱鳞片叶内表皮,梨、鸡蛋清、花生子叶、人口腔上皮细胞,苹果、花生子叶、大豆、洋葱鳞片叶外表皮,番茄、豆浆、花生子叶、人口腔上皮细胞,"我们需要考虑每个选项中的实验材料是否能满足鉴定可溶性还原糖、蛋白质、脂肪，以及观察DNA、RNA在细胞中的分布的要求。

A: 韭菜叶、豆浆、大豆、洋葱鳞片叶内表皮
韭菜叶可用于鉴定可溶性还原糖，豆浆可用于鉴定蛋白质，大豆可用于鉴定脂肪。洋葱鳞片叶内表皮可观察到DNA和RNA的分布。

B: 梨、鸡蛋清、花生子叶、人口腔上皮细胞
梨可用于鉴定可溶性还原糖，鸡蛋清可用于鉴定蛋白质，花生子叶可用于鉴定脂肪。然而，人口腔上皮细胞不易观察到RNA的分布，因为它们主要分布在细胞核中，且人口腔上皮细胞可能受到污染。

C: 苹果、花生子叶、大豆、洋葱鳞片叶外表皮
苹果可用于鉴定可溶性还原糖，花生子叶可用于鉴定蛋白质，大豆可用于鉴定脂肪。然而，洋葱鳞片叶外表皮不容易观察到DNA和RNA的分布。

D: 番茄、豆浆、花生子叶、人口腔上皮细胞
番茄可用于鉴定可溶性还原糖，豆浆可用于鉴定蛋白质，花生子叶可用于鉴定脂肪。然而，同样地，人口腔上皮细胞不易观察到RNA的分布，且可能受到污染。

综上所述，选项A中的实验材料均能满足题目要求，因此答案是：

A",A,B,,
20,下列有关细胞增殖的意义表述不正确的是____,草履虫通过细胞增殖而繁衍。,牛从受精卵开始，要经过细胞的增殖和分化逐渐发育为成体,蛙的红细胞通过无丝分裂的方式增殖，补充体内衰老死亡的红细胞,人衰老时，人体内的细胞的增殖就停止了,"我们来分析一下每个选项：

A: 草履虫通过细胞增殖而繁衍。
这个选项是正确的。草履虫是一种单细胞生物，通过无性生殖的方式进行繁衍，即通过细胞分裂产生两个相同的新细胞。

B: 牛从受精卵开始，要经过细胞的增殖和分化逐渐发育为成体
这个选项也是正确的。动物的发育过程是从一个受精卵开始，通过细胞的不断分裂和增殖，然后分化为不同类型的细胞，最终形成成体。

C: 蛙的红细胞通过无丝分裂的方式增殖，补充体内衰老死亡的红细胞
这个选项是不正确的。蛙的红细胞并不通过无丝分裂的方式增殖。实际上，红细胞在成熟后会失去细胞核和其他细胞器，无法进行细胞分裂。红细胞的补充是通过骨髓中的造血干细胞分裂和分化产生的。

D: 人衰老时，人体内的细胞的增殖就停止了
这个选项是正确的。人衰老时，虽然细胞的增殖速度会减慢，但并不会完全停止。人体的一些组织，如皮肤、肠道等，仍然需要细胞不断地进行增殖和更新。

根据以上分析，我们可以得出正确答案是：

C",C,D,,
21,对可溶性还原糖、脂肪、蛋白质的鉴定实验叙述正确的是____,甘蔗中含有较多的糖且近于白色，用于进行可溶性还原糖的鉴定,脂肪鉴定实验中要用蒸馏水洗去浮色后在显微镜下观察花生子叶切片,将斐林试剂加入葡萄糖溶液中即出现砖红色沉淀,蛋白质鉴定时应先向2ml样液中加入1mL双缩脲试剂A液摇匀，再加入B液4滴,"我们来逐个分析每个选项：

A: 甘蔗中确实含有较多的糖，甘蔗糖是一种可溶性还原糖，因此这个选项可能是正确的。

B: 脂肪鉴定实验中，通常使用苏丹三试剂染色，对脂肪产生红色染色。但是，这个选项中提到使用蒸馏水洗去浮色，这不是脂肪鉴定实验的标准步骤。所以这个选项是错误的。

C: 斐林试剂是用于检测还原糖的。将斐林试剂加入葡萄糖溶液中，会产生砖红色沉淀。这个选项是正确的。

D: 蛋白质鉴定时通常使用双缩脲试剂（比氏试剂）。但是，正确的操作顺序是先加入B液，然后再加入A液。所以这个选项是错误的。

综上所述，正确答案是 C。",C,B,,
22,下列有关变异的说法正确的是____,细菌产生的可遗传变异一般只能来自基因突变,染色体变异、基因突变均可以用光学显微镜直接观察,基因型为Aa的个体自交，因基因重组而导致子代性状分离,秋水仙素诱导多倍体形成的原因是促进染色单体分离使染色体增倍,"我们先来分析每个选项：

A: 细菌产生的可遗传变异一般只能来自基因突变。这个说法是正确的，因为细菌没有性生殖，所以它们产生的可遗传变异主要来自基因突变。

B: 染色体变异、基因突变均可以用光学显微镜直接观察。这个说法是错误的，因为光学显微镜的分辨率有限，染色体变异可以直接观察，但是基因突变是在分子水平上发生的，无法用光学显微镜直接观察。

C: 基因型为Aa的个体自交，因基因重组而导致子代性状分离。这个说法是错误的，因为基因型为Aa的个体自交，子代性状分离是由于孟德尔的分离定律，而不是基因重组。

D: 秋水仙素诱导多倍体形成的原因是促进染色单体分离使染色体增倍。这个说法是错误的，因为秋水仙素诱导多倍体形成的原因是阻止纺锤丝形成，导致染色体无法分离，从而使染色体数目增加。

综上所述，正确答案是：

A",A,A,,
23,下列关于肺炎双球菌转化实验的说法，正确的是____,肺炎双球菌转化实验说明DNA是主要的遗传物质,将S型细菌的DNA与R型细菌混合，R型细菌可全部转化为S型细菌,艾弗里的体外转化实验对S型细菌中的物质进行了提纯和鉴定,肺炎双球菌转化实验中，若给小鼠注射S型细菌的DNA，则小鼠死亡,"我们来分析一下每个选项：

A: 肺炎双球菌转化实验说明DNA是主要的遗传物质
这个选项是正确的。艾弗里、麦克劳德和麦卡蒂在1944年通过肺炎双球菌转化实验，证明了DNA是遗传物质。他们发现，将S型细菌提取的DNA与R型细菌混合，R型细菌就能转化为S型细菌，说明DNA是主要的遗传物质。

B: 将S型细菌的DNA与R型细菌混合，R型细菌可全部转化为S型细菌
这个选项是错误的。实验中，并不是所有的R型细菌都能转化为S型细菌。只有部分R型细菌接触到S型细菌的DNA后，才能够转化为S型细菌。

C: 艾弗里的体外转化实验对S型细菌中的物质进行了提纯和鉴定
这个选项是正确的。艾弗里等人通过多次提纯，分离出了S型细菌中的DNA，并证明它是遗传物质。但是，这个选项并没有说明DNA是主要的遗传物质，所以不能作为最佳答案。

D: 肺炎双球菌转化实验中，若给小鼠注射S型细菌的DNA，则小鼠死亡
这个选项是错误的。实验中，给小鼠注射S型细菌的DNA并不会导致小鼠死亡。只有当R型细菌转化为S型细菌后，注射到小鼠体内，才会导致小鼠死亡。

综合以上分析，正确答案是A选项。

A",A,D,,
24,研究表明缺硒将导致克山病.克山病是一种地方性心肌病，急重病人可发生猝死.营养学和流行病学界专家认为，成人每天硒的摄取量约在40～400μg之间就可满足人体需要.根据资料，下列解释不正确的是____,硒是人体必需的化学元素,硒在人体的生长发育过程中的作用不可替代,硒的作用重大，只要有了硒，人体就能正常生长发育,硒是人体必需的微量元素,"我们来分析一下每个选项：

A: 硒是人体必需的化学元素。这个选项是正确的，硒是一种人体必需的化学元素，对人体有一定的生理功能。

B: 硒在人体的生长发育过程中的作用不可替代。这个选项也是正确的，硒在人体生长发育过程中有很多重要作用，如抗氧化、免疫调节等，其他元素不能替代其作用。

C: 硒的作用重大，只要有了硒，人体就能正常生长发育。这个选项是错误的。虽然硒在人体生长发育过程中具有重要作用，但并非只要有了硒，人体就能正常生长发育。人体的生长发育还需要其他许多营养物质和条件的共同作用。

D: 硒是人体必需的微量元素。这个选项是正确的，硒是一种人体必需的微量元素，对人体有一定的生理功能。

根据以上分析，我们可以得出正确答案。

C",C,C,,
25,C、H、N三种化学元素的质量分数共占人体化学成分的73％左右，而这三种元素在组成岩石圈的化学成分中，质量分数不到1％，这个事实说明____,生物界和非生物界具有统一性,生物界与非生物界本质是不同的,生物界没有一种元素是生物所特有的，生物和非生物从本质上看是相同的,生物界和非生物界存在着本质的区别，两者还具有差异性,"首先，我们来分析一下选项：

A: 生物界和非生物界具有统一性。这个选项说明生物界和非生物界在本质上是相同的，但是从题目中给出的数据来看，C、H、N三种化学元素在生物界和非生物界的质量分数有很大差异，所以这个选项不符合题意。

B: 生物界与非生物界本质是不同的。这个选项认为生物界和非生物界在本质上有很大区别。从题目给出的数据来看，C、H、N三种元素在生物界和非生物界的质量分数有很大差异，这个选项有一定的道理，但我们需要继续分析其他选项。

C: 生物界没有一种元素是生物所特有的，生物和非生物从本质上看是相同的。这个选项认为生物界和非生物界在本质上是相同的，但是从题目给出的数据来看，C、H、N三种元素在生物界和非生物界的质量分数有很大差异，所以这个选项不符合题意。

D: 生物界和非生物界存在着本质的区别，两者还具有差异性。这个选项认为生物界和非生物界在本质上有很大区别，并且两者之间存在差异。从题目给出的数据来看，C、H、N三种元素在生物界和非生物界的质量分数有很大差异，这个选项符合题意。

综合分析以上选项，我们可以得出正确答案是：

D",D,D,,
26,真核细胞单位面积的核孔数目与细胞类型和代谢水平有关。以下细胞中核孔数目最少的是____,胰岛细胞,造血干细胞,癌细胞,口腔上皮细胞,"核孔是真核细胞核膜上的通道结构，允许物质在细胞核与细胞质之间进行交换。不同类型的细胞在单位面积上的核孔数目是有差异的，这与细胞的代谢活跃程度和功能有关。

A: 胰岛细胞是内分泌细胞，主要负责合成和分泌胰岛素和胰高血糖素等激素，需要大量的蛋白质合成，所以核孔数目较多。

B: 造血干细胞是多能干细胞，可以分化为多种类型的血细胞，具有较高的代谢活性和增殖能力，因此核孔数目较多。

C: 癌细胞是一种生长和分裂异常活跃的细胞，需要大量的蛋白质合成和核酸复制，所以核孔数目较多。

D: 口腔上皮细胞是一种表皮细胞，主要负责保护和防御功能，代谢活性相对较低，因此核孔数目较少。

综合以上分析，可以得出以下细胞中核孔数目最少的是口腔上皮细胞。

D",D,D,,
27,细胞核控制合成的RNA进入细胞质以及细胞质中合成的蛋白质分子进入细胞核的通道是____,核膜,核孔,胞间连丝,内质网,"首先，我们来了解一下每个选项的含义。

A: 核膜 - 细胞核外部的膜结构，由内外两层脂质双层膜组成，起到保护细胞核内部结构的作用。

B: 核孔 - 核膜上的通道结构，允许物质在细胞核和细胞质之间进行交换。

C: 胞间连丝 - 植物细胞之间的通道结构，允许物质在相邻细胞之间进行交换。

D: 内质网 - 细胞内的膜系统，参与蛋白质和脂质的合成以及物质的储存和运输。

题目要求我们找出细胞核控制合成的RNA进入细胞质以及细胞质中合成的蛋白质分子进入细胞核的通道。由于我们需要找到的是细胞核与细胞质之间的通道，我们可以排除C选项（胞间连丝）和D选项（内质网），因为它们与细胞核之间的物质交换无关。

在剩下的选项中，核膜（A选项）是细胞核的保护层，但它本身并不是通道。核孔（B选项）是核膜上的通道结构，允许物质在细胞核和细胞质之间进行交换，因此是细胞核控制合成的RNA进入细胞质以及细胞质中合成的蛋白质分子进入细胞核的通道。

所以正确答案是：

B",B,B,,
28,以下行为容易传染艾滋病的是____,与艾滋病人共同进餐,与艾滋病人共用注射器,与艾滋病人握手,与艾滋病人拥抱,"艾滋病是由人类免疫缺陷病毒（HIV）引起的，它通过体液传播，包括血液、乳汁、精液和阴道分泌物等。根据这个知识，我们可以进行思考和分析。

A选项，与艾滋病人共同进餐：艾滋病病毒不会通过食物传播，因此与艾滋病人共同进餐不会容易传染艾滋病。

B选项，与艾滋病人共用注射器：共用注射器会导致血液直接接触，而艾滋病病毒可以通过血液传播，因此与艾滋病人共用注射器是容易传染艾滋病的行为。

C选项，与艾滋病人握手：艾滋病病毒不会通过握手传播，因为病毒需要进入体内的血液循环系统才能感染人体，而皮肤表面没有足够的病毒量。

D选项，与艾滋病人拥抱：艾滋病病毒不会通过拥抱传播，因为拥抱时的接触不足以使病毒传播到另一个人的体内。

综上所述，根据传播途径和接触方式的分析，容易传染艾滋病的行为是B选项，与艾滋病人共用注射器。

正确答案选项为：B",B,B,,
29,"果蝇缺失1条Ⅳ号常染色体仍能正常生存和繁殖,缺失2条则致死。一对都缺失1条Ⅳ号常染色体的果蝇杂交,理论上F1中染色体数正常的雌果蝇所占比例为____",$1:6$,$1:4$,$1:3$,$1:2$,"我们可以通过对这道题目进行杂交分析来解答。

首先，我们需要设定符号。我们用A表示Ⅳ号常染色体，那么一对正常的果蝇应该具有2条Ⅳ号常染色体，即AA。但题目中提到的果蝇缺失1条Ⅳ号常染色体，即为A0。

现在，我们可以开始分析这个杂交实验。题目中说一对都缺失1条Ⅳ号常染色体的果蝇杂交，即A0 x A0。我们可以通过杂交分析得出他们的后代的基因型：

1. A0（杂交父本） x A0（杂交母本）
2. A0A0（双倍体正常）、A00（缺失2条Ⅳ号常染色体）、0A0（缺失1条Ⅳ号常染色体）、000（缺失2条Ⅳ号常染色体）

从上面的分析结果我们可以看到，这个杂交实验产生了4种不同的基因型。然而，缺失2条Ⅳ号常染色体的果蝇是致死的，所以我们可以排除A00和000两种基因型。剩下的两种基因型为A0A0（双倍体正常）和0A0（缺失1条Ⅳ号常染色体）。

题目要求我们求F1中染色体数正常的雌果蝇所占比例。这里的染色体数正常是指具有2条Ⅳ号常染色体的果蝇，即A0A0基因型。所以，我们需要计算A0A0果蝇在剩下的两种基因型（A0A0和0A0）中所占的比例。

A0A0果蝇占1份，0A0果蝇占1份。所以，A0A0果蝇在这两种基因型中所占的比例为1:1，即1:2。

因此，正确答案是：
D",D,B,,
30,观察在一天内任何时间制作的洋葱根尖细胞有丝分裂装片时，都能看到的时期是：____,分裂间期,分裂前期,分裂中期,分裂后期,"首先，我们需要了解有丝分裂的各个阶段以及它们的特点。有丝分裂可以分为以下几个阶段：

A: 分裂间期（Interphase）：这是细胞周期中的一个准备阶段，细胞在这个阶段会进行正常的新陈代谢、生长和DNA复制。此阶段并不属于有丝分裂的各个阶段，但是细胞大部分时间都处于这个阶段。

B: 分裂前期（Prophase）：在这个阶段，染色体会逐渐凝聚，变得越来越紧密。同时，纺锤体开始形成。

C: 分裂中期（Metaphase）：在这个阶段，染色体排列在细胞的中央平面，形成一个称为""等板""的结构。纺锤体纤维与染色体相连。

D: 分裂后期（Anaphase）：在这个阶段，染色体分离并向两极移动。纺锤体纤维缩短，将染色体拉向两个细胞极。

要观察在一天内任何时间制作的洋葱根尖细胞有丝分裂装片时，都能看到的时期，我们需要找到细胞周期中占据最大时间比例的阶段。根据细胞周期的特点，我们知道细胞大部分时间都处于分裂间期（Interphase），所以在任何时间观察到的概率最高的阶段应该是分裂间期。

因此，正确答案是：
A",A,A,,
31,生物学家认为病毒是生物，其主要理由是:____,由蛋白质和核酸组成,能够侵染其他生物,能够在寄主细胞内复制并产生后代,具有细胞结构,"我们来分析一下每个选项：

A: 由蛋白质和核酸组成 - 这是病毒的一个特点，但这并不足以证明病毒是生物。

B: 能够侵染其他生物 - 这确实是病毒的一个重要特性，但仅仅具有这个特性还不足以证明它们是生物。

C: 能够在寄主细胞内复制并产生后代 - 这是病毒的一个关键特性，它们不能自主进行新陈代谢，但可以利用寄主细胞的资源进行繁殖。这表明病毒具有生物的生殖能力。

D: 具有细胞结构 - 这个选项是错误的，因为病毒没有细胞结构，它们比细胞更简单。

根据上述分析，我们可以得出结论：生物学家认为病毒是生物的主要理由是它们能够在寄主细胞内复制并产生后代。

C",C,C,,
32,下列关于基因工程安全性的说法中不正确的是____,转基因作物可通过花粉扩散到它的近亲作物上，可能出现对农业不利的“超级植物”,杂草、害虫从它的近亲获得抗性基因，可能破坏生态系统的稳定性,转基因必须在人为控制下才能完成，自然条件下基因污染是不增殖和不被扩散的,转基因食品转入的蛋白质有可能使人引起食物过敏,"我们来分析一下每个选项：

A: 转基因作物确实有可能通过花粉传播抗性基因给近亲作物，从而导致对农业不利的“超级植物”的出现。这个选项是正确的。

B: 杂草和害虫从近亲植物获得抗性基因，确实可能破坏生态系统的稳定性。这个选项也是正确的。

C: 转基因技术确实需要在人为控制下进行，但在自然条件下，转基因作物的基因污染是有可能被扩散和增殖的。因此，这个选项是不正确的。

D: 转基因食品中的转入蛋白质确实有可能引起食物过敏。这个选项是正确的。

根据题目要求，我们需要找到关于基因工程安全性的不正确说法，所以答案是：

C",C,C,,
33,能将细胞中的有机物分解并释放出能量的结构是____,细胞膜,细胞核,线粒体,叶绿体,"在这道题目中，我们需要找出哪个细胞结构负责分解有机物并释放能量。

A: 细胞膜 - 细胞膜的主要功能是维持细胞的形状并控制物质进出细胞，但它并不直接参与分解有机物和释放能量。

B: 细胞核 - 细胞核是细胞的控制中心，负责储存和传递遗传信息。虽然它对细胞的生命活动起着重要作用，但它并不直接参与分解有机物和释放能量。

C: 线粒体 - 线粒体是细胞的能量工厂，负责将有机物分解并释放出能量。线粒体中的有机物如葡萄糖通过氧化磷酸化等过程产生ATP，为细胞提供能量。

D: 叶绿体 - 叶绿体主要存在于植物细胞中，负责光合作用，将光能转化为化学能。虽然叶绿体可以产生能量，但它并不直接分解有机物。

根据以上分析，我们可以得出正确答案是：

C",C,C,,
34,以下环境能发生初生演替的是____,火灾过后的草原,过量砍伐的森林,弃耕的农田,沙丘,"首先，我们需要了解什么是初生演替。初生演替（primary succession）是指在一个没有生物居住过的地区，生物群落从零开始建立的过程。在这个过程中，生物逐渐繁衍生息，形成一个稳定的生态系统。

接下来，我们来分析每个选项：

A: 火灾过后的草原 - 火灾过后，草原上的生物群落受到了很大的影响，但仍然存在一些生物和土壤，因此不属于初生演替。

B: 过量砍伐的森林 - 过量砍伐虽然破坏了森林生态系统，但是土壤和一些生物仍然存在，因此不属于初生演替。

C: 弃耕的农田 - 弃耕的农田虽然不再种植作物，但仍然存在一定的生物群落和土壤，因此不属于初生演替。

D: 沙丘 - 沙丘是一片没有生物居住过的地区，没有土壤和生物群落，因此属于初生演替。

综上所述，正确答案是：

D",D,D,,
35,下列各项叙述中，不正确的是____,双亲表现型正常，生出一个患病女儿为常染色体隐性遗传,母亲患病，父亲正常，子代中有正常儿子，不是X染色体隐性遗传,一个具有n对等位基因的杂合体，必定产生2n种具各类型数量相等的配子,双亲表型正常，生出一个色盲女儿的几率为零,"首先我们来逐个分析每个选项：

A: 双亲表现型正常，生出一个患病女儿为常染色体隐性遗传。这个选项是正确的，因为在常染色体隐性遗传中，双亲表现型正常，但他们可以是隐性基因的携带者，从而生出患病的子女。

B: 母亲患病，父亲正常，子代中有正常儿子，不是X染色体隐性遗传。这个选项也是正确的，因为在X染色体隐性遗传中，母亲患病，父亲正常，子代中的儿子会有50%的几率患病。

C: 一个具有n对等位基因的杂合体，必定产生2n种具各类型数量相等的配子。这个选项是不正确的，因为一个具有n对等位基因的杂合体，会产生2^n种不同的配子。这里的指数关系不正确。

D: 双亲表型正常，生出一个色盲女儿的几率为零。这个选项是正确的，因为色盲是X染色体隐性遗传病，双亲表现型正常，女儿要患有色盲，需要从父亲那里继承有缺陷的X染色体。但是父亲表现型正常，说明他的X染色体是正常的，因此女儿不可能患有色盲。

综上所述，不正确的选项是C。

C",C,C,,
36,下列有关酶的叙述中，正确的是____,人体内的酶在不断地更新,酶是活细胞产生的，只在细胞内起催化作用,酶催化反应能放出更多的能量,强酸、强碱或高温、低温都会使酶永久失活,"我们来分析一下每个选项：

A: 人体内的酶在不断地更新
这个选项是正确的。人体内的酶是由细胞产生的，随着细胞的新陈代谢，酶也会不断地更新。

B: 酶是活细胞产生的，只在细胞内起催化作用
这个选项是错误的。酶确实是由活细胞产生的，但它们不仅在细胞内起催化作用，还可以在细胞外起作用。例如，消化酶就是在细胞外发挥作用的。

C: 酶催化反应能放出更多的能量
这个选项是错误的。酶催化反应的主要作用是降低反应的活化能，从而加速反应速率，但它并不改变反应的总能量。

D: 强酸、强碱或高温、低温都会使酶永久失活
这个选项是正确的。酶是由蛋白质组成的，强酸、强碱、高温和低温等条件会导致酶的结构发生不可逆的变化，从而失去活性。

综上所述，正确答案是：
A,D",A,A,,
37,下列关于光合作用的叙述，错误的是____,鲁宾和卡门用同位素标记法证明了光合作用释放的氧气来自水,一般情况下，光合作用所利用的光都是可见光,在暗反应阶段，C3可被[H]还原为C5和糖类,温度的变化不会影响光合作用的光反应阶段,"我们来逐一分析每个选项：

A: 鲁宾和卡门用同位素标记法证明了光合作用释放的氧气来自水。
这个选项是正确的。科学家鲁宾和卡门通过使用同位素氧18标记水分子，证明了光合作用过程中释放的氧气来自水。

B: 一般情况下，光合作用所利用的光都是可见光。
这个选项也是正确的。光合作用主要利用可见光中的红光和蓝光，这两种光的波长分别为660nm和430nm，是植物光合作用的最佳波长。

C: 在暗反应阶段，C3可被[H]还原为C5和糖类。
这个选项是错误的。在暗反应阶段，C3化合物（3-磷酸甘油酸，PGA）通过还原作用生成C3糖（3-磷酸甘油醛，PGAL），而非C5和糖类。

D: 温度的变化不会影响光合作用的光反应阶段。
这个选项是正确的。光反应阶段主要依赖光能，而不是温度。温度变化对光合作用的暗反应阶段影响较大。

所以，正确答案是：
C",C,D,,
38,下列关于DNA分子结构的叙述，正确的是____,每个DNA分子都是以四种脱氧核苷酸为基本单位连接而成的单链结构,DNA分子中的每个磷酸基团均连接着两个脱氧核糖和-个碱基,DNA分子一条链上的相邻碱基通过磷酸一脱氧核糖一磷酸相连,双链DNA分子的两条链之间总是嘌呤和嘧啶形成碱基对,"我们来逐个分析每个选项：

A: 每个DNA分子都是以四种脱氧核苷酸为基本单位连接而成的单链结构。
这个说法是错误的。DNA分子是由四种脱氧核苷酸为基本单位连接而成的，但它是双链结构，而非单链结构。

B: DNA分子中的每个磷酸基团均连接着两个脱氧核糖和-个碱基。
这个说法是错误的。每个磷酸基团连接着一个脱氧核糖和一个碱基。

C: DNA分子一条链上的相邻碱基通过磷酸一脱氧核糖一磷酸相连。
这个说法是正确的。DNA分子一条链上的相邻碱基之间是通过磷酸-脱氧核糖-磷酸的连接方式相连的。

D: 双链DNA分子的两条链之间总是嘌呤和嘧啶形成碱基对。
这个说法是错误的。双链DNA分子的两条链之间是通过碱基对连接的，但不是总是嘌呤和嘧啶形成碱基对。而是嘌呤（A）与嘧啶（T）形成碱基对，鸟嘌呤（G）与胞嘧啶（C）形成碱基对。

综上所述，正确答案是C。

C",C,D,,
39,某生物体内能发生如下反应：淀粉→麦芽糖→葡萄糖→糖原。则下面的说法不正确的是____,此生物一定是动物，因为能合成糖原,淀粉和糖原都属于多糖,此生物一定是动物，因为能利用葡萄糖,糖类在生物体内是主要的能源物质,"我们先来分析每个选项的正确性。

A: 此生物一定是动物，因为能合成糖原
这个说法是不正确的。虽然动物可以合成糖原，但是植物也可以合成糖原。因此，不能仅凭这个信息判断生物一定是动物。

B: 淀粉和糖原都属于多糖
这个说法是正确的。淀粉和糖原都是由许多单糖分子通过糖苷键连接而成的多糖。

C: 此生物一定是动物，因为能利用葡萄糖
这个说法是不正确的。虽然动物可以利用葡萄糖，但是植物也可以利用葡萄糖。因此，不能仅凭这个信息判断生物一定是动物。

D: 糖类在生物体内是主要的能源物质
这个说法是正确的。糖类是生物体内主要的能源物质，可以通过糖酵解、呼吸作用等方式提供能量。

根据以上分析，题目要求找出不正确的说法，所以正确答案为：

A
#ANSWER:C#",A,C,,
40,炎热的夏天，人剧烈运动大汗淋漓，此时会导致人低血压的是____,血容量上升,心输出量上升,心率下降,血管管壁舒张,"在炎热的夏天，人剧烈运动后大汗淋漓，我们来分析一下每个选项对血压的影响：

A: 血容量上升 - 血容量是指血液在循环系统中的总量。血容量上升会增加血压，因为血液对血管壁的压力增加。但在大汗淋漓的情况下，人体通过出汗失去水分，血容量会减少，所以这个选项不符合题意。

B: 心输出量上升 - 心输出量是指心脏每分钟泵出的血液量。心输出量上升会导致血压上升，因为更多的血液流经血管，增加了血管壁的压力。然而，剧烈运动后，人体会出汗，补充血容量的能力有限，所以这个选项也不符合题意。

C: 心率下降 - 心率是指心脏每分钟跳动的次数。心率下降会减少心输出量，从而降低血压。但在剧烈运动后，心率通常会上升，以满足身体对氧气和能量的需求。因此，这个选项也不符合题意。

D: 血管管壁舒张 - 血管管壁舒张会导致血压降低，因为血管扩张后，血流的阻力减少，血压下降。在炎热的夏天，人剧烈运动后，为了散热，体内的血管会扩张，血流量会增加，从而有助于散热。此外，出汗会导致血容量减少，使得血压进一步降低。因此，这个选项符合题意。

综上所述，剧烈运动后大汗淋漓的情况下，会导致人低血压的原因是血管管壁舒张。

D",D,D,,
41,以下生物体的结构最简单的是____,细菌,植物,动物,肝炎病毒,"我们可以从细胞结构的角度来分析这道题目。

A: 细菌 - 细菌是单细胞生物，属于原核生物，细胞内没有膜结构包裹的细胞器，如线粒体和高尔基体等。细菌的基因材料直接分散在细胞质中，形成核区。

B: 植物 - 植物属于真核生物，细胞内有膜结构包裹的细胞器，如线粒体、高尔基体和内质网等。植物细胞具有细胞壁、质体和大液泡等特殊结构。

C: 动物 - 动物也属于真核生物，细胞内有膜结构包裹的细胞器，如线粒体、高尔基体和内质网等。动物细胞没有细胞壁，但具有其他一些特殊结构，如中心体等。

D: 肝炎病毒 - 肝炎病毒属于病毒，病毒是一种非细胞生物，其结构非常简单，通常由核酸（DNA或RNA）和蛋白质组成。病毒不具备细胞结构，不能独立进行新陈代谢和繁殖。

根据以上分析，结构最简单的生物体是肝炎病毒。

D",D,D,,
42,"关于染色体组的叙述，不正确的有____
①一个染色体组中不含同源染色体 ②一个染色体组中染色体大小形态一般不同
③人的一个染色体组中应含有24条染色体 ④含有一个染色体组的细胞，一定是配子",①③,③④,①④,②④,"我们来分析一下每个选项：

① 一个染色体组中不含同源染色体。这个选项是错误的，因为一个染色体组中应该包含一对同源染色体，它们在大小和形状上是相似的，分别来自于个体的父母。

② 一个染色体组中染色体大小形态一般不同。这个选项是正确的，因为一个染色体组中的染色体，虽然同源染色体在大小和形状上是相似的，但是不同的染色体之间在大小和形状上是有差异的。

③ 人的一个染色体组中应含有24条染色体。这个选项是错误的，人的一个染色体组中应该包含23条染色体，包括22对常染色体和1条性染色体。

④ 含有一个染色体组的细胞，一定是配子。这个选项是错误的，含有一个染色体组的细胞可以是配子（如精子或卵子），但也可以是体细胞经过减数分裂后的某个阶段（例如二级分裂期）。

根据以上分析，不正确的叙述有①、③、④。所以正确答案是：

B",B,B,,
43,"现有两块农田，农田A混合种植了杂合高茎豌豆和矮茎豌豆,而农田B混合种植了甜玉米和杂合非甜玉米。豌豆的高茎和矮茎与玉米的甜和非甜均受一对等位基因控制，不考虑其他植物，下列相关叙述，错误的是____",豌豆的高茎对矮茎为显性，玉米的非甜对甜为显性,农田A中矮茎豌豆所结种子长成的植株均表现为矮茎,农田B中杂合非甜玉米所结种子长成的植株1/4为甜玉米,"农田A中各植株自花受粉,而农田B中各植株随机受粉","我们来逐个分析每个选项。

A: 豌豆的高茎对矮茎为显性，玉米的非甜对甜为显性。这个选项描述是正确的，高茎豌豆和非甜玉米分别为显性特征。

B: 农田A中矮茎豌豆所结种子长成的植株均表现为矮茎。这个选项是正确的，因为矮茎豌豆的基因型是纯合的（两个矮茎基因），所以它们所结种子长成的植株都会表现为矮茎。

C: 农田B中杂合非甜玉米所结种子长成的植株1/4为甜玉米。这个选项是错误的，因为杂合非甜玉米的基因型是一个甜基因和一个非甜基因。根据孟德尔遗传定律，在后代中，甜玉米的比例应该是1:3。所以这个选项是错误的。

D: 农田A中各植株自花受粉,而农田B中各植株随机受粉。这个选项并没有提供足够的信息来判断它是否正确，但在这个问题中，我们需要找到错误的叙述，而选项C已经是错误的了，所以这个选项对于题目来说是无关紧要的。

因此，正确答案是选项C。

C",C,C,,
44,“假说—演绎法”是现代科学研究中常用的一种方法，下列属于孟德尔在发现基因分离定律时的“演绎”过程的是____,生物的性状是遗传因子决定的,由F2出现了“3∶1”推测，生物体产生配子时成对遗传因子彼此分离,若F1产生配子时成对遗传因子分离，则测交后代会出现两种性状，比例接近1∶1,若F1产生配子时成对遗传因子分离，则F2中三种基因型个体比接近1∶2∶1,"在这道题目中，我们需要找到属于孟德尔在发现基因分离定律时的“演绎”过程的选项。

A选项：生物的性状是遗传因子决定的。这是孟德尔遗传实验的基本观点，但这不是演绎过程的一部分。

B选项：由F2出现了“3∶1”推测，生物体产生配子时成对遗传因子彼此分离。这是孟德尔对遗传现象的观察结果，根据F2代的性状比例，他提出了遗传因子在产生配子时的分离原理。这是一个演绎过程的例子。

C选项：若F1产生配子时成对遗传因子分离，则测交后代会出现两种性状，比例接近1∶1。这个选项描述的是孟德尔进行测交实验的预期结果，但这并不是演绎过程的一部分。

D选项：若F1产生配子时成对遗传因子分离，则F2中三种基因型个体比接近1∶2∶1。这个选项描述的是孟德尔对F2代基因型比例的预测，这是基于他的遗传因子分离原理的推论。虽然这是一个推论，但它并不是演绎过程的一部分。

综上所述，B选项是这道题目的正确答案。

B",B,C,,
45,现用高秆抗病（AABB）品系和矮轩不抗病（aabb）品系培育矮秆抗病（aaBB）品系.下列对其过程分析错误的是____,F1中虽未表现出矮秆抗病的性状组合，但巳经集中了相关基因,F2中出现重组性状的原因是产生配子时发生了基因重组,选种一般从F2开始，因为F2出现了性状分离,"通常利用F2的花粉进行单倍体育种,可以明显缩短育种年限","我们先来分析每个选项：

A: F1中虽未表现出矮秆抗病的性状组合，但巳经集中了相关基因。
这个选项是正确的。当高秆抗病（AABB）品系和矮轩不抗病（aabb）品系进行杂交时，F1代的基因型会是AaBb。虽然F1代的表现型是高秆抗病，但是相关基因（a和B）已经在F1代中出现。

B: F2中出现重组性状的原因是产生配子时发生了基因重组。
这个选项也是正确的。在F1代的有丝分裂过程中，同源染色体间的互换导致基因重组，使得F2代出现重组性状，即矮秆抗病（aaBB）。

C: 选种一般从F2开始，因为F2出现了性状分离。
这个选项也是正确的。在F2代中，性状分离会出现，从而可以选择到所需要的矮秆抗病（aaBB）品系。

D: 通常利用F2的花粉进行单倍体育种,可以明显缩短育种年限。
这个选项是错误的。虽然单倍体育种可以缩短育种年限，但这里应该是利用F2的花粉和卵子结合，然后从F2代中选择具有矮秆抗病性状的植株，而不是利用F2的花粉进行单倍体育种。

综上所述，答案是：

D",D,D,,
46,医生常常给病人输水，其实是生理盐水。为什么不输蒸馏水或浓盐水，下面说法正确的是____,蒸馏水不含营养,无机盐离子容易进入细胞,血液中的红细胞的特性决定的,无机盐对维持细胞的形态和功能有重要作用,"我们首先来分析一下每个选项：

A: 蒸馏水不含营养。蒸馏水确实不含营养，但这并不是输液时不选择蒸馏水的主要原因。

B: 无机盐离子容易进入细胞。这个选项并没有说明为什么不能输蒸馏水或浓盐水。

C: 血液中的红细胞的特性决定的。这个选项更接近正确答案，因为红细胞在不同浓度的溶液中会有不同的反应。蒸馏水中红细胞会因为水分进入细胞而破裂，而浓盐水中红细胞会因为水分从细胞中流出而收缩。输液时需要维持红细胞的正常形态和功能。

D: 无机盐对维持细胞的形态和功能有重要作用。这个选项也是正确的，但并没有针对为什么不能输蒸馏水或浓盐水进行解释。

综合分析，选项C更加符合题目要求，因此正确答案是：

C",C,D,,
47,下列关于细胞无丝分裂和有丝分裂的叙述，正确的是____,有丝分裂过程需要进行染色体的复制，无丝分裂过程不需要,真核细胞可进行有丝分裂，原核细胞可进行无丝分裂,两种分裂过程中可能见到一个细胞内同时含有2个细胞核的情况,都会出现核膜、核仁的周期性的消失和重现,"我们可以逐一分析每个选项：

A: 有丝分裂过程需要进行染色体的复制，无丝分裂过程不需要。
这个选项是错误的。无丝分裂同样需要进行染色体的复制，因为在无丝分裂过程中，细胞的染色体必须在分裂前进行复制，以保证子细胞中具有相同的遗传信息。

B: 真核细胞可进行有丝分裂，原核细胞可进行无丝分裂。
这个选项是正确的。有丝分裂主要在真核细胞中进行，而原核细胞（如细菌）主要通过无丝分裂进行繁殖。在有丝分裂过程中，染色体会排列在中央板上，通过纺锤体纤维的作用分离到两个子细胞中。而在无丝分裂过程中，原核细胞的染色体复制后，直接分配到两个子细胞中。

C: 两种分裂过程中可能见到一个细胞内同时含有2个细胞核的情况。
这个选项是错误的。在有丝分裂过程中，在染色体分离之前，细胞内只有一个细胞核。在无丝分裂过程中，原核细胞没有细胞核结构。

D: 都会出现核膜、核仁的周期性的消失和重现。
这个选项是错误的。在有丝分裂过程中，核膜和核仁会在前期消失，随后在后期重新出现。但在无丝分裂过程中，原核细胞没有核膜和核仁这些结构。

综上所述，正确答案是选项B。

B",B,C,,
48,高等植物体内能产生ATP的生理过程有：____,呼吸作用,渗透作用,吸胀作用,蒸腾作用,"我们先来分析一下每个选项：

A: 呼吸作用 - 高等植物通过呼吸作用进行有氧呼吸和无氧呼吸，其中有氧呼吸是在细胞线粒体中进行的，可以产生ATP。

B: 渗透作用 - 渗透作用是指通过半透膜的水分子自由通过，使两侧溶质浓度达到平衡的过程。这个过程与ATP的产生无关。

C: 吸胀作用 - 吸胀作用是指细胞在吸收水分并膨胀的过程。虽然这个过程对维持植物的生长和形态非常重要，但它与ATP的产生无关。

D: 蒸腾作用 - 蒸腾作用是指植物通过气孔进行水分蒸发的过程。这个过程有利于植物进行养分和水分的输送，但它与ATP的产生无关。

通过以上分析，我们可以得出结论：高等植物体内能产生ATP的生理过程为呼吸作用。

A",A,A,,
49,下列关于稳态的生理意义的描述，较准确的是____,使内环境的渗透压处于相对平衡,使体液的PH保持相对稳定,使体温维持相对恒定,是机体进行正常生命活动的必要条件,"我们首先分析每个选项：

A选项：使内环境的渗透压处于相对平衡。这是指细胞内外环境的渗透压达到平衡，但稳态不仅仅涉及到渗透压的平衡，还包括其他生理参数。

B选项：使体液的PH保持相对稳定。这是指维持体液酸碱平衡，但同样，稳态不仅仅是指酸碱平衡。

C选项：使体温维持相对恒定。这是指恒温动物如人体能够维持相对恒定的体温，但稳态不仅仅是指体温的恒定。

D选项：是机体进行正常生命活动的必要条件。这是指稳态是一个基本概念，涵盖了各种生理参数的平衡和恒定，包括但不限于渗透压、PH、体温等。只有在稳态条件下，生物体才能够正常进行生命活动。

综合以上分析，D选项是一个更全面、准确的描述，所以正确答案是：

D",D,D,,
50,人的体细胞内含有23对同源染色体，在减数第二次分裂的次级精母细胞处于后期时，细胞内不可能含有____,44条常染色体+XX性染色体,44条常染色体+XY性染色体,44条常染色体+YY性染色体,两组数目和形态相同的染色体,"在减数第二次分裂的过程中，次级精母细胞会将同源染色体分开，使得每个子细胞含有23条染色体。我们来分析一下每个选项：

A: 44条常染色体+XX性染色体 - 人体细胞有23对染色体，其中22对常染色体和1对性染色体。这个选项表示有44条常染色体和2条X性染色体，这明显不符合次级精母细胞的特点。

B: 44条常染色体+XY性染色体 - 同样，这个选项表示有44条常染色体和1条X性染色体以及1条Y性染色体，也不符合次级精母细胞的特点。

C: 44条常染色体+YY性染色体 - 这个选项表示有44条常染色体和2条Y性染色体，同样不符合次级精母细胞的特点。

D: 两组数目和形态相同的染色体 - 在减数第二次分裂的过程中，次级精母细胞将同源染色体分开，最终形成的子细胞应该含有23条染色体，包括22条常染色体和1条性染色体。这个选项表示每个子细胞都含有相同数量和形态的染色体，符合次级精母细胞的特点。

因此，正确答案是：

D",D,D,,
51,提取鼠肝脏细胞的线粒体为实验材料，向盛有线粒体的试管中注入丙酮酸时，测得氧的消耗量较大；当注入葡萄糖时，测得氧的消耗量几乎为零；同时注入细胞质基质和葡萄糖时，氧消耗量又较大。对上述实验结果的解释不生正确的是____,丙酮酸彻底分解和水的成过程都是在线粒体内进行的,在线粒体内不能完成葡萄糖的分解，但能完成丙酮酸的分解,葡萄糖分解成丙酮酸是在细胞质基质中完成的,有氧呼吸中，水的参与和生成都是在细胞质基质中进行的,"我们来分析一下每个选项：

A: 丙酮酸彻底分解和水的成过程都是在线粒体内进行的。
这个选项是正确的。丙酮酸是在线粒体内完成氧化分解的，而水是在电子传递链的最后一个步骤中生成的。

B: 在线粒体内不能完成葡萄糖的分解，但能完成丙酮酸的分解。
这个选项也是正确的。葡萄糖首先在细胞质基质中进行糖酵解，生成丙酮酸。然后丙酮酸进入线粒体进行氧化分解。

C: 葡萄糖分解成丙酮酸是在细胞质基质中完成的。
这个选项同样是正确的。葡萄糖在细胞质基质中进行糖酵解，生成丙酮酸。

D: 有氧呼吸中，水的参与和生成都是在细胞质基质中进行的。
这个选项是错误的。水的生成是在线粒体内的电子传递链中进行的，而不是在细胞质基质中。

因此，正确答案是：

D",D,D,,
52,在①②③④四个培养皿中分别加入培养液和不同添加剂，体外培养人体骨髓造血干细胞，一段时间后，对培养的细胞采用显微镜观察和化学方法分析，结果如下：①中的细胞为圆饼状，无核；②中的细胞核膜内折，染色质收缩；③中的细胞裂解，溢出大量细菌；④中细胞的细胞膜上糖蛋白减少，甲胎蛋白含量增多。①②③④培养皿中细胞发生的变化依次____,细胞分化、细胞衰老、细胞凋亡、细胞癌变,细胞分化、细胞衰老、细胞坏死、细胞癌变,细胞衰老、细胞癌变、细胞坏死、细胞凋亡,细胞衰老、细胞凋亡、细胞坏死、细胞癌变,"我们来分析一下每个培养皿中细胞的变化：

①中的细胞为圆饼状，无核。这种情况很像是细胞分化后形成的红细胞，因为红细胞是无核的。

②中的细胞核膜内折，染色质收缩。这种情况表明细胞可能在衰老，因为细胞衰老时染色质会收缩。

③中的细胞裂解，溢出大量细菌。这种情况表明细胞可能发生了坏死，因为细胞坏死时会裂解并释放出内部的细菌。

④中细胞的细胞膜上糖蛋白减少，甲胎蛋白含量增多。这种情况表明细胞可能发生了癌变，因为癌细胞的表面糖蛋白会减少，甲胎蛋白含量增多。

综上所述，①②③④培养皿中细胞发生的变化依次是细胞分化、细胞衰老、细胞坏死、细胞癌变。因此，正确答案是：

B",B,B,,
53,如果用$^{15}N$、$^{32}P$、$^{35}S$标记噬菌体，让其侵染未标记的大肠杆菌，产生的子代噬菌体与亲代噬菌体形态完全相同，子代噬菌体组成成分中能找到的放射性元素为____,可在外壳中找到$^{15}N$、$^{35}S$,可在DNA中找到$^{15}N$、$^{32}P$,DNA中只能找到$^{32}P$,DNA中能找到$^{15}N$、$^{32}P$、$^{35}S$,"为了回答这个问题，我们需要了解噬菌体的结构和标记方法。噬菌体是一种侵染细菌的病毒，它有一个由蛋白质组成的外壳，里面包含一条DNA分子。在这个问题中，噬菌体被标记为$^{15}N$、$^{32}P$、$^{35}S$，分别代表氮、磷、硫的放射性同位素。

在噬菌体生命周期中，它会将自己的DNA注入细菌中，利用细菌的生物合成系统来复制自己。然后，新复制的噬菌体会破坏细菌并释放出子代噬菌体。

现在我们来看选项：

A: 可在外壳中找到$^{15}N$、$^{35}S$。由于噬菌体的外壳是由蛋白质组成的，而蛋白质含有氮和硫元素，因此这个选项看似有道理，但我们需要看看其他选项。

B: 可在DNA中找到$^{15}N$、$^{32}P$。噬菌体的DNA含有氮和磷元素，因为DNA是由核苷酸组成的，而核苷酸包含氮（作为碱基的一部分）和磷（作为磷酸骨架的一部分）。因此，这个选项也是可能的。

C: DNA中只能找到$^{32}P$。这个选项不正确，因为DNA中也包含氮元素。

D: DNA中能找到$^{15}N$、$^{32}P$、$^{35}S$。这个选项不正确，因为DNA中不包含硫元素。

综上所述，正确答案是可以在DNA中找到$^{15}N$、$^{32}P$。因此，答案是：

B",B,B,,
54,葡萄糖经小肠黏膜上皮进入毛细血管，至少透过的磷脂分子层数是____,4层,6层,8层,10层,"葡萄糖是水溶性的，需要通过脂质双层进行被动扩散。我们需要考虑的是葡萄糖经过小肠黏膜上皮进入毛细血管的过程中，穿过的磷脂分子层数。

首先，葡萄糖从小肠腔进入上皮细胞，需要穿过上皮细胞的脂质双层，这是第1和第2层磷脂分子。

然后，葡萄糖从上皮细胞进入毛细血管，需要穿过毛细血管内皮细胞的脂质双层，这是第3和第4层磷脂分子。

所以，葡萄糖从小肠腔进入毛细血管，至少透过的磷脂分子层数是4层。

A",A,C,,
55,用$^{32}P$、$^{15}N$标记噬菌体后，让其侵染不含标记元素的细菌，在产生的子代噬菌体的组成结构中，可找到上述放射性元素是____,可在外壳中找到$^{15}N$、$^{32}P$,可在DNA中找到$^{15}N$、$^{32}P$,可在外壳中找到$^{15}N$ 、但无$^{32}P$,可在DNA中找到$^{32}P$、但无$^{15}N$,"首先，我们需要了解噬菌体和它们的组成结构。噬菌体是一种侵染细菌的病毒，它们主要由外壳和DNA组成。外壳主要由蛋白质构成，而DNA是遗传物质。

在这个题目中，我们用$^{32}P$和$^{15}N$标记噬菌体，然后让它们侵染不含标记元素的细菌。在子代噬菌体的组成结构中，我们需要找出哪些放射性元素。

首先，我们看$^{32}P$。$^{32}P$是磷的放射性同位素，而磷在噬菌体中主要存在于DNA分子中的磷酸骨架。因此，我们可以在子代噬菌体的DNA中找到$^{32}P$。

接下来，我们看$^{15}N$。$^{15}N$是氮的放射性同位素，氮在噬菌体中主要存在于蛋白质和DNA的组成部分。在这个实验中，我们可以在子代噬菌体的外壳中找到$^{15}N$，因为外壳主要由蛋白质构成，而蛋白质中含有氮元素。

根据以上分析，我们可以得出结论：

D",D,B,,
56,属于尼伦伯格和马太的贡献是____,提出了3个碱基编码1个氨基酸的设想,提出了DNA双螺旋模型,第一个用实验证明遗传密码中3个碱基编码1个氨基酸,破译了第一个遗传密码,"我们先了解一下题目中提到的尼伦伯格和马太这两位科学家。

尼伦伯格（Marshall Warren Nirenberg）是美国生物化学家，他的主要贡献是破译遗传密码，即找出遗传物质核酸中的碱基序列如何指导蛋白质中氨基酸的排列顺序。他因此获得了1968年诺贝尔生理学或医学奖。

马太（Heinrich J. Matthaei）是德国生物化学家，他与尼伦伯格一起破译了遗传密码。他们的实验是通过人工合成RNA分子，然后观察这些RNA分子在体外蛋白质合成系统中如何指导氨基酸的组合。

现在我们来分析题目的选项：

A: 提出了3个碱基编码1个氨基酸的设想。这个设想是由克里克（Francis Crick）提出的，所以这个选项是错误的。

B: 提出了DNA双螺旋模型。这个模型是由沃森（James Watson）和克里克（Francis Crick）提出的，所以这个选项也是错误的。

C: 第一个用实验证明遗传密码中3个碱基编码1个氨基酸。尼伦伯格和马太的实验确实证明了这一点，所以这个选项是正确的。

D: 破译了第一个遗传密码。尼伦伯格和马太的实验破译了遗传密码，但并非第一个遗传密码。所以这个选项是错误的。

因此，正确答案是：

C",C,C,,
57,若1个$^{35}S$标记的大肠杆菌被1个$^{32}P$标记的噬菌体侵染，裂解后释放的所有噬菌体____,一定有$^{35}S$，可能有$^{32}P$,只有$^{35}S$,一定有$^{32}S$，可能有$^{35}S$,只有$^{32}P$,"这道题考察的是噬菌体侵染细菌的过程，了解噬菌体侵染细菌的原理是解答这道题的关键。噬菌体是一种依赖于细菌的病毒，它通过将自己的遗传物质注入细菌内部，利用细菌的代谢机制进行繁殖。在这个过程中，噬菌体的蛋白质外壳会留在细菌表面，而遗传物质会进入细菌内部。

现在我们来分析题目。题目中的$^{35}S$标记的大肠杆菌是指这个细菌中的硫原子被放射性同位素$^{35}S$替代，而$^{32}P$标记的噬菌体则表示噬菌体的磷原子被放射性同位素$^{32}P$替代。

我们知道，噬菌体在侵染细菌时，只有其遗传物质（如DNA）进入细菌内部，而外壳蛋白质则留在细菌表面。在这道题目中，噬菌体的遗传物质被$^{32}P$标记，所以释放出的噬菌体一定含有$^{32}P$。而$^{35}S$标记的细菌，由于在噬菌体侵染过程中，噬菌体并不会将细菌的蛋白质结构带入到新生的噬菌体中，所以新生的噬菌体中不会有$^{35}S$。

因此，正确答案是：

D",D,A,,
58,氨基酸的平均分子量为120，一条由16个氨基酸分子缩合成的多肽，其质量为____,1920,1650,1632,无法确定,"为了计算这条多肽的质量，我们需要考虑氨基酸的分子量以及多肽中的氨基酸数量。

题目已给出，氨基酸的平均分子量为120。这条多肽由16个氨基酸分子缩合成，所以我们需要将氨基酸的分子量乘以氨基酸的数量：

120 * 16 = 1920

然而，在氨基酸分子之间形成肽键时，会释放一个水分子。所以，对于16个氨基酸分子缩合成的多肽，会释放掉15个水分子。水分子的分子量为18，所以我们需要将释放出的水分子的总质量从多肽的质量中减去：

1920 - 15 * 18 = 1920 - 270 = 1650

所以，这条由16个氨基酸分子缩合成的多肽的质量为1650。

B",B,C,,
59,"神经纤维受到刺激时，刺激部位细胞膜内外的电位变化是____  
①膜外由正电位变为负电位      ②膜内由负电位变为正电位  
③膜外由负电位变为正电位      ④膜内由正电位变为负电位",①②,③④,②③,①④,"在神经纤维处于静息状态时，细胞膜内为负电位，膜外为正电位。当神经纤维受到刺激时，刺激部位细胞膜内外的电位会发生变化。这种现象被称为动作电位。

当神经纤维受到刺激时，首先是钠离子通道打开，钠离子从膜外流入膜内，使膜内电位由负电位变为正电位，这就是选项中的②膜内由负电位变为正电位。

随后，钾离子通道打开，钾离子从膜内流向膜外，使膜外电位由正电位变为负电位，这就是选项中的①膜外由正电位变为负电位。

因此，正确答案是 A。",A,A,,
60,"下列叙述正确的有几项____
①线粒体是有氧呼吸的主要场所，叶绿体是光合作用的场所，原核细胞没有线粒体与叶绿体，因此不能进行有氧呼吸与光合作用。②水绵、蓝藻、黑藻都属于自养型的原核生物。③基因是有遗传效应的DNA片段，基因对性状的决定都是通过基因控制结构蛋白的合成实现的。④转运RNA与mRNA的基本单位相同，但前者是双链，后者是单链，且转运RNA是由三个碱基组成的。⑤种群是生物繁殖的基本单位，也是生物进化的基本单位。",一项,两项,三项,四项,"我们来逐一分析题目中的叙述：

①线粒体是有氧呼吸的主要场所，叶绿体是光合作用的场所，原核细胞没有线粒体与叶绿体，因此不能进行有氧呼吸与光合作用。
这个叙述是错误的，因为虽然原核细胞没有线粒体和叶绿体，但它们可以通过其他方式进行有氧呼吸和光合作用。例如，原核生物中的细菌可以在细胞膜上进行有氧呼吸，蓝藻等光合细菌可以进行光合作用。

②水绵、蓝藻、黑藻都属于自养型的原核生物。
这个叙述是错误的，因为水绵是多细胞生物，属于动物界，而蓝藻和黑藻属于原核生物。

③基因是有遗传效应的DNA片段，基因对性状的决定都是通过基因控制结构蛋白的合成实现的。
这个叙述是正确的。基因是DNA片段，通过控制蛋白质的合成来影响生物体的性状。

④转运RNA与mRNA的基本单位相同，但前者是双链，后者是单链，且转运RNA是由三个碱基组成的。
这个叙述是错误的。转运RNA和mRNA的基本单位都是核苷酸，但它们的结构不同。转运RNA是单链结构，而mRNA也是单链结构。转运RNA上的三个碱基可以与mRNA上的三个碱基配对，形成一个密码子。

⑤种群是生物繁殖的基本单位，也是生物进化的基本单位。
这个叙述是错误的。生物繁殖的基本单位是个体，而生物进化的基本单位是基因。

综上所述，只有一项叙述是正确的。

A",A,B,,
61,下列说法正确的是____,玉米(2n=20)一个染色体组有10条染色体，玉米单倍体基因组有11条染色体,普通小麦的花药离体培养后，长成的植株细胞中含三个染色体组，是三倍体,无籽西瓜的培育过程中出现了四倍体西瓜，含四个染色体组，每个染色体组中的染色体大小、形态相同,马和驴杂交的后代骡是不育的二倍体，而雄蜂是可育的单倍体,"我们来逐个分析每个选项：

A: 玉米(2n=20)一个染色体组有10条染色体，玉米单倍体基因组有11条染色体。
这个选项是错误的，因为玉米的二倍体细胞有20条染色体，单倍体细胞应该有一半，即10条染色体。所以这个选项描述不正确。

B: 普通小麦的花药离体培养后，长成的植株细胞中含三个染色体组，是三倍体。
这个选项是正确的。普通小麦的花药离体培养可以诱导形成三倍体植株。普通小麦本身就是六倍体，含有三组染色体。离体培养后，植株细胞中含有三个染色体组，是三倍体。

C: 无籽西瓜的培育过程中出现了四倍体西瓜，含四个染色体组，每个染色体组中的染色体大小、形态相同。
这个选项是错误的。四倍体西瓜含有四个染色体组，但每个染色体组中的染色体大小和形态不一定完全相同。

D: 马和驴杂交的后代骡是不育的二倍体，而雄蜂是可育的单倍体。
这个选项是错误的。骡子确实是不育的二倍体，但雄蜂是可育的单倍体这个描述不准确。雄蜂确实是单倍体，但它们的可育性与其他因素有关，不能简单地说它们是可育的单倍体。

综合以上分析，正确答案是：
B",B,C,,
62,关于人类红绿色盲的遗传，正确的是____,父亲色盲，则女儿一定色盲,母亲色盲，则儿子一定是色盲,祖父母色盲，则孙子一定是色盲,外祖父色盲，则外孙女一定色盲,"关于人类红绿色盲的遗传，首先需要了解它是一种X染色体上的隐性遗传病。红绿色盲的遗传方式是X染色体上的隐性遗传，也就是说只有在X染色体上同时携带有两个异常基因的女性才会出现色盲，而男性只需要携带一个异常基因就会出现色盲。

现在我们来分析一下每个选项：

A: 父亲色盲，则女儿一定色盲。这个选项是错误的，因为父亲色盲意味着他的X染色体是异常的。女儿的X染色体一个来自母亲，一个来自父亲。虽然女儿肯定会从父亲那里得到一个异常的X染色体，但只要她从母亲那里得到的X染色体是正常的，她就不会出现色盲，而只是携带者。

B: 母亲色盲，则儿子一定是色盲。这个选项是正确的，因为母亲色盲意味着她的两个X染色体都是异常的。儿子的X染色体来自母亲，Y染色体来自父亲。由于母亲的两个X染色体都是异常的，儿子必定从母亲那里得到一个异常的X染色体，而男性只需要一个异常基因就会出现色盲，所以儿子一定是色盲。

C: 祖父母色盲，则孙子一定是色盲。这个选项是错误的，因为即使祖父母中的某个或者都是色盲，也不能保证孙子一定是色盲。孙子的遗传信息来自父母双方，只有在父母双方都有携带异常基因的可能性下，孙子才有可能是色盲。

D: 外祖父色盲，则外孙女一定色盲。这个选项是错误的，因为即使外祖父是色盲，也不能保证外孙女一定是色盲。外孙女的X染色体一个来自母亲，一个来自父亲。即使她从母亲那里得到了一个异常的X染色体，只要她从父亲那里得到的X染色体是正常的，她就不会出现色盲，而只是携带者。

综上所述，正确答案是选项B。答案：B",B,B,,
63,清除田间杂草和鱼塘中肉食性的“黑鱼”，用生态学观点分析，其目的是____,调整能量在生态系统中的流动方向,使物质和能量尽快地流动,保持生态平衡,保持生物群落的单一性,"从生态学的观点来看，清除田间杂草和鱼塘中肉食性的“黑鱼”这两个行为的目的是为了保持生态平衡。

分析如下：

A: 调整能量在生态系统中的流动方向。这个选项不符合题意，因为清除杂草和黑鱼并不能改变能量在生态系统中的流动方向，能量的流动方向始终是从生产者到消费者再到分解者。

B: 使物质和能量尽快地流动。这个选项也不符合题意，因为清除杂草和黑鱼并不能加快物质和能量的流动速度。相反，这样的操作可能会影响生态系统中的物质和能量的循环。

C: 保持生态平衡。这个选项符合题意。清除田间杂草和鱼塘中的肉食性黑鱼可以减少对农作物和其他鱼类的损害，有助于维持生态系统中生物种群之间的平衡关系。

D: 保持生物群落的单一性。这个选项与题意无关。生物群落的多样性是生态系统稳定的重要因素，保持单一性并不是生态学的目标。

综上所述，正确答案是：

C",C,A,,
64,"如果真核细胞核DNA分子上某一片段是一个有遗传效应的片段，则该片段____
①携带遗传信息   ②上面有密码子	  能转录产生mRNA
④能进入核糖体	⑤能携带氨基酸	⑥能控制蛋白质的合成
⑦在体细胞中可能成对存在",①③⑥⑦,①④⑤⑥,①②③⑦,②④⑥⑦,"我们来逐个分析题目中的每个选项：

①携带遗传信息：正确，因为它是一个有遗传效应的片段。
②上面有密码子：正确，密码子是mRNA上的三个核苷酸，它指导蛋白质合成的过程中，氨基酸的添加顺序。因此，DNA分子上的片段在转录成mRNA后，才会有密码子。
③能转录产生mRNA：正确，有遗传效应的片段需要转录成mRNA，然后才能翻译成蛋白质。
④能进入核糖体：错误，是mRNA进入核糖体进行翻译，而不是DNA片段。
⑤能携带氨基酸：错误，是tRNA携带氨基酸，而不是DNA片段。
⑥能控制蛋白质的合成：正确，有遗传效应的片段会影响蛋白质的合成。
⑦在体细胞中可能成对存在：正确，体细胞中的染色体是成对存在的，所以DNA片段也可能成对存在。

根据以上分析，正确答案是 C。",C,A,,
65,下列关于细胞中的化合物的叙述中，错误的是____,豌豆叶肉细胞中含有2种核酸、5种碱基、5种核苷酸,葡萄糖是细胞生命活动的主要能源物质，水浴条件下它能与斐林试剂反应出现砖红色沉淀,维生素D能促进人和动物肠道对钙和磷的吸收，它属于脂质,水和无机盐都是无机物，细胞中的水大部分是自由水，细胞中的无机盐主要以离子的形式存在,"我们来逐个分析每个选项：

A: 豌豆叶肉细胞中含有2种核酸、5种碱基、5种核苷酸。细胞中有两种核酸：DNA和RNA。DNA中有4种碱基：腺嘌呤（A）、鸟嘌呤（G）、胸腺嘧啶（T）和胞嘧啶（C），RNA中有4种碱基：腺嘌呤（A）、鸟嘌呤（G）、尿嘧啶（U）和胞嘧啶（C）。这里共有5种碱基。同样地，核苷酸也有5种：腺苷酸（A）、鸟苷酸（G）、胸苷酸（T）、尿苷酸（U）和胞苷酸（C）。所以A选项描述是正确的。

B: 葡萄糖是细胞生命活动的主要能源物质，水浴条件下它能与斐林试剂反应出现砖红色沉淀。葡萄糖确实是细胞生命活动的主要能源物质。斐林试剂是用来检测还原糖的，葡萄糖是一种还原糖，与斐林试剂反应会产生砖红色沉淀。所以B选项描述是正确的。

C: 维生素D能促进人和动物肠道对钙和磷的吸收，它属于脂质。维生素D确实能促进人和动物肠道对钙和磷的吸收，它是一种脂溶性维生素，属于脂质。所以C选项描述是正确的。

D: 水和无机盐都是无机物，细胞中的水大部分是自由水，细胞中的无机盐主要以离子的形式存在。水和无机盐确实都是无机物。细胞中的水主要以结合水的形式存在，而非自由水。细胞中的无机盐确实主要以离子的形式存在。所以D选项描述是错误的。

根据以上分析，我们可以得出结论：

D",D,B,,
66,巳知豌豆细胞中的DNA有84％在染色体上，而其染色体组成中DNA占36.7％，RNA占9.6%，蛋白质占48.9%。以上数据表明____,染色体主要由RNA和蛋白质组成,染色体不是DNA唯一的载体,DNA能传递遗传信息,蛋白质不是遗传物质,"我们先来分析每个选项。

A: 染色体主要由RNA和蛋白质组成。根据题目给出的数据，染色体中的DNA占36.7%，RNA占9.6%，蛋白质占48.9%。虽然蛋白质在染色体中的比例较高，但是DNA仍然占有很大比例。所以这个选项不准确。

B: 染色体不是DNA唯一的载体。根据题目给出的数据，豌豆细胞中的DNA有84%在染色体上。这意味着有16%的DNA不在染色体上。所以这个选项是正确的。

C: DNA能传递遗传信息。虽然这个选项在生物学中是正确的，但题目给出的数据没有涉及到DNA传递遗传信息的部分，所以不能根据题目给出的数据得出这个结论。

D: 蛋白质不是遗传物质。虽然这个选项在生物学中是正确的，但题目给出的数据没有涉及到蛋白质作为遗传物质的部分，所以不能根据题目给出的数据得出这个结论。

综上所述，根据题目给出的数据，我们可以得出结论：染色体不是DNA唯一的载体。

B",B,B,,
67,近亲结婚会增加后代遗传病的发病率，主要原因在于____,近亲结婚容易使后代产生新的致病基因,近亲结婚的双方携带的致病基因较其他人多,部分遗传病由显性致病基因所控制,部分遗传病由隐性致病基因所控制,"我们来分析一下这四个选项：

A: 近亲结婚容易使后代产生新的致病基因。这个选项是错误的，因为近亲结婚并不会增加新的致病基因的产生，而是增加了原本家族内存在的致病基因在后代中的表现几率。

B: 近亲结婚的双方携带的致病基因较其他人多。这个选项也是错误的，因为近亲结婚的双方并不一定携带的致病基因比其他人多，而是他们携带的致病基因有更高的可能性在后代中相互匹配。

C: 部分遗传病由显性致病基因所控制。这个选项不符合题意，因为显性致病基因在一代又一代的遗传过程中，很容易被发现并被淘汰。近亲结婚导致后代遗传病发病率增加的原因主要与隐性致病基因有关。

D: 部分遗传病由隐性致病基因所控制。这个选项是正确的。近亲结婚会增加后代遗传病的发病率，主要原因在于近亲结婚的双方有较高的概率携带相同的隐性致病基因。当两个隐性致病基因相遇时，后代就可能表现出遗传病的症状。

因此，正确答案是：
D",D,D,,
68,细胞膜既能保证细胞吸收所需的物质，又能排出细胞内的有害物质，这种特性叫：____,流动性,选择透过性,保护性,透过性,"细胞膜是细胞的外部结构，起到保护细胞内部稳定环境的作用。它的主要功能是控制物质的进出，以确保细胞内外物质交换的平衡。根据题目描述，我们需要找到一个选项来表示细胞膜能够吸收所需物质和排出有害物质的特性。

A选项：流动性，指的是细胞膜上脂质分子和蛋白质分子的运动性，使得细胞膜具有一定的柔韧性。这与题目描述的特性不符。

B选项：选择透过性，指的是细胞膜对物质进出具有选择性。这意味着细胞膜可以让所需物质通过，同时阻止有害物质进入。这个选项符合题目描述的特性。

C选项：保护性，虽然细胞膜具有保护细胞内部环境的功能，但这个选项没有明确表示细胞膜能够吸收所需物质和排出有害物质的特性。

D选项：透过性，指的是细胞膜对物质进出的通透性，但这个选项没有明确表示细胞膜能够吸收所需物质和排出有害物质的特性。

综合以上分析，选择透过性（B选项）最符合题目描述的细胞膜特性。

B",B,B,,
69,分析一下DNA分子时，发现30%的脱氧核苷酸含有腺嘌呤，由此可知该分子中，鸟嘌呤含量占总数的____,20.00%,30.00%,40.00%,70.00%,"在DNA中，嘌呤（腺嘌呤和鸟嘌呤）与嘧啶（胞嘧啶和胸腺嘧啶）之间以氢键相互结合。腺嘌呤（A）与胸腺嘧啶（T）之间形成两个氢键，而鸟嘌呤（G）与胞嘧啶（C）之间形成三个氢键。根据查尔骈－沃森互补配对原则，A和T的含量相等，G和C的含量相等。

题目给出的条件是：DNA分子中30%的脱氧核苷酸含有腺嘌呤（A），即A的含量为30%。由于A和T的含量相等，因此T的含量也为30%。这时，剩余的脱氧核苷酸为100% - 30% - 30% = 40%。

由于G和C的含量相等，所以鸟嘌呤（G）的含量为40%的一半，即20%。

因此，该分子中鸟嘌呤含量占总数的20.00%。

A",A,A,,
70,下列关于“观察植物细胞的有丝分裂”实验的叙述，正确的是____,观察到的细胞，绝大多数处于分裂期,制片过程中，压片有利于分生区细胞的分散,制片之前要通过漂洗洗去染料，便于观察,可以观察到某个细胞连续分裂的动态过程,"首先我们逐一分析每个选项：

A: 观察到的细胞，绝大多数处于分裂期。
这个选项是错误的，因为细胞周期中，有丝分裂期（M期）只占整个周期的很短时间。大多数时间，细胞处于间期（G1期、S期和G2期），这时细胞在生长和复制DNA。

B: 制片过程中，压片有利于分生区细胞的分散。
这个选项是正确的。在观察植物细胞有丝分裂时，我们需要将分生组织切片，并将切片放在载玻片上。压片的目的是将分生区的细胞分散，使细胞之间的距离变得更大，这样便于观察细胞的有丝分裂过程。

C: 制片之前要通过漂洗洗去染料，便于观察。
这个选项是错误的。制片过程中，染色是为了使细胞的染色体更加明显，便于观察。漂洗是在染色之后进行的，目的是去除多余的染料，使细胞的结构更清晰。所以，漂洗应该在染色之后而不是之前进行。

D: 可以观察到某个细胞连续分裂的动态过程。
这个选项是错误的。在使用光学显微镜观察植物细胞有丝分裂时，我们只能观察到固定时刻的细胞状态，无法看到细胞连续分裂的动态过程。要观察动态过程，需要使用更先进的显微镜技术，如共聚焦显微镜或活细胞成像技术。

综合以上分析，正确答案是：

B",B,B,,
71,下列关于“用高倍显微镜观察叶绿体和细胞质的流动”实验的叙述，错误的是____,可选用藓类叶、黑藻叶或者紫色洋葱鳞片叶的外表皮作为实验材料,为防止叶绿体失水，在实验过程中临时装片要始终保持有水状态,观察细胞质流动之前，供观察的黑藻应放在光照、室温条件下培养,观察细胞质流动，先找到细胞中的叶绿体，然后以叶绿体为参照物,"我们来分析一下每个选项：

A: 可选用藓类叶、黑藻叶或者紫色洋葱鳞片叶的外表皮作为实验材料。这个选项是正确的，这些实验材料都可以用于观察叶绿体和细胞质的流动。

B: 为防止叶绿体失水，在实验过程中临时装片要始终保持有水状态。这个选项也是正确的，为了保持细胞活性，需要保持装片有水状态。

C: 观察细胞质流动之前，供观察的黑藻应放在光照、室温条件下培养。这个选项是正确的，黑藻需要光照和适宜的温度来保持其生长和活动。

D: 观察细胞质流动，先找到细胞中的叶绿体，然后以叶绿体为参照物。这个选项是错误的，应该以细胞中的液泡为参照物来观察细胞质的流动。

因此，错误的叙述是选项D。

D",D,A,,
72,"欲检测植物光合作用的速率,有效的方法是检查植物体：____",叶绿体的含量,葡萄糖的氧化量,水的消耗量,二氧化碳的消耗量,"我们先来分析一下各个选项：

A: 叶绿体的含量。叶绿体是植物光合作用的场所，但叶绿体的含量不能直接反映光合作用的速率。因为即使一个植物有很多叶绿体，但在光照不足或其他条件不适的情况下，光合作用的速率也会受到限制。

B: 葡萄糖的氧化量。光合作用产生葡萄糖，但葡萄糖在植物体内还会继续参与其他代谢过程，例如呼吸作用。因此，检查葡萄糖的氧化量不能准确反映光合作用的速率。

C: 水的消耗量。光合作用需要水作为原料，但植物体内水的消耗不仅仅来自于光合作用，还有其他生理过程，如蒸腾作用。因此，仅仅检查水的消耗量不能准确反映光合作用的速率。

D: 二氧化碳的消耗量。光合作用需要二氧化碳作为原料，同时产生氧气。检查二氧化碳的消耗量可以有效反映光合作用的速率。因为在光合作用过程中，二氧化碳的消耗量与光合作用的速率成正比。

综上所述，检查植物体二氧化碳的消耗量是一种有效的方法来检测植物光合作用的速率。

D",D,D,,
73,下列各项中，细胞结构中不具有核膜的生物是____,酵母菌,炭疽杆菌,衣藻,草履虫,"为了解答这道题，我们需要了解不同生物的细胞类型。生物细胞可以分为原核细胞和真核细胞，其中原核细胞没有核膜，而真核细胞有核膜。

A: 酵母菌 - 酵母菌属于真菌界，真菌细胞属于真核细胞，具有核膜。
B: 炭疽杆菌 - 炭疽杆菌属于细菌界，细菌细胞属于原核细胞，没有核膜。
C: 衣藻 - 衣藻属于原生生物界，原生生物细胞属于真核细胞，具有核膜。
D: 草履虫 - 草履虫也属于原生生物界，原生生物细胞属于真核细胞，具有核膜。

综上所述，炭疽杆菌属于原核生物，没有核膜。

B",B,B,,
74,"下列生产活动与植物激素都有关的一组是____ 
  ①大棚种植，夜间降温  ②生产无子番茄     ③棉花摘心
  ④培育多倍体          ⑤选带芽枝条扦插容易生根",②③⑤,①②③,①③⑤,②③④,"我们来逐一分析每个选项：

①大棚种植，夜间降温: 这个过程与植物激素关系不大，主要是通过改变环境条件来促使植物生长。

②生产无子番茄: 与植物激素有关，可以通过喷洒植物激素如赤霉素来抑制番茄果实中种子的发育，从而生产无子番茄。

③棉花摘心: 与植物激素有关，摘心是一种农业措施，通过摘除植物的顶端生长点，降低生长素的浓度，从而促使侧枝生长，增加棉花产量。

④培育多倍体: 与植物激素关系不大，主要是通过物理、化学方法使细胞发生染色体加倍，产生多倍体植物。

⑤选带芽枝条扦插容易生根: 与植物激素有关，扦插过程中可以使用生根素（生长素类植物激素），促进枝条生根，提高成活率。

根据以上分析，与植物激素有关的活动为②③⑤，因此正确答案是：

A",A,A,,
75,"采用基因工程的方法培育抗虫棉，下列导入目的基因的作法正确的是____
① 将毒素蛋白注射到棉受精卵
② 将编码毒素蛋白的DNA序列，注射到棉受精卵中
③ 将编码毒素蛋白的DNA序列与质粒重组导入细菌，用该细菌感染棉的体细胞，再进行组织培养
④ 将编码毒素蛋白的DNA序列，与细菌质粒重组，注射到棉的子房并进入受精卵",①②,②③,③④,④①,"在这道题目中，我们需要考虑采用基因工程的方法培育抗虫棉的正确作法。首先，我们需要了解基因工程的基本原理，即将目的基因插入到生物体的基因组中，使其表达出所需的特性。

① 将毒素蛋白注射到棉受精卵。这个选项是错误的，因为仅仅将毒素蛋白注射到受精卵，并不能使其成为遗传特性，无法保证后代具有抗虫性。

② 将编码毒素蛋白的DNA序列，注射到棉受精卵中。这个选项是正确的，因为将编码毒素蛋白的DNA序列注射到受精卵中，可以使目的基因整合到植物基因组中，从而使后代具有抗虫性。

③ 将编码毒素蛋白的DNA序列与质粒重组导入细菌，用该细菌感染棉的体细胞，再进行组织培养。这个选项是正确的，因为这是一种常用的基因工程方法，通过将目的基因与质粒重组，再利用细菌感染植物细胞，使目的基因整合到植物基因组中，最后通过组织培养得到具有抗虫性的植株。

④ 将编码毒素蛋白的DNA序列，与细菌质粒重组，注射到棉的子房并进入受精卵。这个选项是错误的，因为这种方法并不可行。虽然目的基因与质粒重组，但是直接注射到子房并不能保证目的基因能整合到植物基因组中。

综上所述，正确答案是：

B",B,C,,
76,下列关于酶和ATP的叙述，错误的是____,不是所有的酶都在核糖体上合成,同一种酶可存在于不同的组织细胞中,酶的合成需要ATP供能,细胞质中有ATP的分布，细胞核中没有,"我们逐个分析每个选项：

A: 不是所有的酶都在核糖体上合成。这个说法是正确的。酶是一种特殊的蛋白质，它们的合成主要发生在核糖体上，但也有部分酶在细胞质中合成。

B: 同一种酶可存在于不同的组织细胞中。这个说法也是正确的。酶是一种生物催化剂，它们在生物体的各种生化反应中起着重要作用。同一种酶可以在不同的组织细胞中发挥作用。

C: 酶的合成需要ATP供能。这个说法同样正确。酶的合成属于生物合成过程，需要消耗能量。能量的主要供应来源就是ATP。

D: 细胞质中有ATP的分布，细胞核中没有。这个说法是错误的。细胞核中也有ATP的分布。细胞核中的一些生物过程，如DNA复制和修复、RNA合成等，都需要ATP提供能量。

综上所述，错误的叙述是选项D。

D",D,D,,
77,"设玉米子粒有色是独立遗传的三对基因控制的结果，基因型为A_C_R_的子粒为有色，其余基因型的子粒均无色。某有色子粒植株与以下三个纯合品系分别杂交，获得下列结果：
(1)与aaccRR品系杂交，获得50%有色子粒；
(2)与aaCCrr品系杂交，获得25%有色子粒；
(3)与AAccrr品系杂交，获得50%有色子粒。
该有色子粒的基因型是____",AaCcRr,AaCcRR,AACcRr,AaCCRr,"为了解决这个问题，我们需要分析每次杂交的结果，然后确定有色子粒植株的基因型。

(1)与aaccRR品系杂交，获得50%有色子粒
这意味着有色子粒植株的基因型在A和C位点上是杂合的，即AaCc。因为只有杂合的基因型才能产生50%有色子粒。

(2)与aaCCrr品系杂交，获得25%有色子粒
这意味着有色子粒植株的基因型在R位点上是杂合的，即Rr。因为只有杂合的基因型才能产生25%有色子粒。

(3)与AAccrr品系杂交，获得50%有色子粒。
这个结果也支持了有色子粒植株的基因型在R位点上是杂合的。

结合以上三次杂交的结果，我们可以得出有色子粒植株的基因型是AaCcRr。

A",A,A,,
78,"豌豆是一种理想的杂交实验材料,这是因为____",豌豆是严格的闭花受粉植物,"不同品系的豌豆具有对比鲜明,易于区分的相对性状","豌豆生长期短,易于栽培",以上三项都是,"我们来分析一下每一个选项：

A: 豌豆是严格的闭花受粉植物。这意味着豌豆的花朵在开放前就已经完成受粉，避免了外部环境的影响。这对杂交实验来说是非常重要的，因为可以确保实验的纯度。

B: 不同品系的豌豆具有对比鲜明,易于区分的相对性状。这对杂交实验来说也是非常重要的，因为研究者可以很容易地观察到实验结果，更容易地分析和总结。

C: 豌豆生长期短,易于栽培。这一点对实验来说也是非常重要的，因为短的生长周期意味着可以在较短的时间内完成更多的实验，提高实验效率。

综合以上三点，我们可以得出结论：豌豆之所以是理想的杂交实验材料，是因为它具备以上三项特点。

所以答案是：
D",D,D,,
79,HIV通过cd4受体主要感染T淋巴细胞，主要阻断了人体的____,细胞免疫,体液免疫,非特异性免疫,特异性免疫,"首先，我们来了解一下题目中涉及的概念：

1. CD4受体：CD4是一种蛋白质，主要表达在T淋巴细胞表面，HIV病毒通过与CD4受体结合进入T淋巴细胞。

2. T淋巴细胞：T淋巴细胞是一种免疫细胞，主要负责细胞免疫，可以识别并攻击被病毒感染的细胞。

接下来，我们分析一下各个选项：

A: 细胞免疫 - 指的是T淋巴细胞介导的免疫反应，主要针对被病毒感染的细胞。HIV病毒感染T淋巴细胞会导致T淋巴细胞数量减少，从而削弱细胞免疫。

B: 体液免疫 - 指的是B淋巴细胞产生的抗体介导的免疫反应，主要针对细胞外病原体。

C: 非特异性免疫 - 是指天然免疫，包括物理、化学和生物性防御，以及炎症反应等，针对各种病原体。

D: 特异性免疫 - 是指针对特定病原体的免疫反应，包括细胞免疫和体液免疫。

由于HIV病毒主要感染T淋巴细胞，导致细胞免疫受损，因此正确答案是：

A",A,A,,
80,下列关于人类遗传病的叙述，错误的是____,先天就有的疾病不一定是遗传病，但遗传病大多都是先天的,不携带遗传病基因的个体也可能患遗传病,要研究某遗传病的遗传方式，可在学校内随机抽样调查,遗传咨询、产前诊断和选择性流产可以减少遗传病的发生,"我们来逐个分析选项：

A: 先天就有的疾病不一定是遗传病，但遗传病大多都是先天的。这个叙述是正确的。先天病不一定都是遗传病，还可能是因为母亲在怀孕期间感染病毒、药物影响、环境因素等导致的。遗传病是由于基因突变导致的，因此遗传病大多都是先天的。

B: 不携带遗传病基因的个体也可能患遗传病。这个叙述是错误的。遗传病的发生是由于遗传基因突变导致的，如果一个个体不携带遗传病基因，那么他就不可能患有遗传病。

C: 要研究某遗传病的遗传方式，可在学校内随机抽样调查。这个叙述是正确的。通过随机抽样调查可以了解某遗传病在一定范围内的分布情况，从而推测该遗传病的遗传方式。

D: 遗传咨询、产前诊断和选择性流产可以减少遗传病的发生。这个叙述是正确的。遗传咨询可以帮助有遗传病家族史的夫妇了解遗传病的发生风险，产前诊断可以检测胎儿是否患有遗传病，选择性流产可以在胎儿患有严重遗传病时选择终止妊娠，从而减少遗传病的发生。

综上所述，正确答案是：

B",B,C,,
81,某个DNA片段由500对碱基组成，A+T占碱基总数的34%，若该DNA片段复制两次，共需游离的胞嘧啶脱氧核苷酸分子个数为____,330,660,990,1320,"我们首先要计算出在这个DNA片段中，A、T、C和G的数量。

已知：DNA片段由500对碱基组成，A+T占碱基总数的34%。

计算A+T的数量：500对 × 34% = 170对
因为A和T是配对的，所以A的数量和T的数量相等，那么每种碱基有85个。

已知DNA片段中A、T、C和G的总数为500对，我们已经知道A和T的数量为170对，所以C和G的数量为：500对 - 170对 = 330对
同样地，因为C和G是配对的，所以每种碱基有165个。

接下来，我们要计算在两次复制过程中，共需游离的胞嘧啶脱氧核苷酸分子个数。在每次复制过程中，每个胞嘧啶脱氧核苷酸分子都需要配对一个新的鸟嘌呤脱氧核苷酸分子。因此，在两次复制过程中，共需要2 × 165 = 330个胞嘧啶脱氧核苷酸分子。

所以正确答案是：

A",A,C,,
82,"生物大分子在生物体生命活动中具有重要的作用。碳原子本身的化学性质，使它能够通过化学键与其他多种原子相结合，碳原子之间也可以单键、双键或三键结合成链状或环状结构，从而形成生物大分子。以上事实可以说明____   
①碳元素参与生物体内所有化合物的组成
②地球上的生命是在碳元素的基础上建立起来的
③碳元素是各种大分子化合物中数量最多的元素
④碳元素是组成生物体内生物大分子的最基本元素",②③④,③④,②④,①③④,"我们先逐个分析选项：

①碳元素参与生物体内所有化合物的组成
这个说法不完全正确，因为生物体内确实有很多化合物含有碳元素，但也有一些化合物不包含碳元素，如水、盐等无机物。

②地球上的生命是在碳元素的基础上建立起来的
这个说法是正确的，因为碳元素可以形成多种化学键，从而构成生物大分子，是地球上生命体的基础。

③碳元素是各种大分子化合物中数量最多的元素
这个说法不准确，因为生物大分子中的元素种类和数量取决于具体的化合物，而不是绝对的碳元素数量最多。

④碳元素是组成生物体内生物大分子的最基本元素
这个说法是正确的，因为碳原子的化学性质使其能够形成多种化学键，从而构成生物大分子。

综上所述，正确答案为：C",C,C,,
83,"盛有$H_2O_2$溶液的瓶盖忘记盖上，测定其是否变质，可以加入的物质是____
①生鸡肝②生土豆片③熟鸡肝④炸薯条",①②,①②③,①②④,②③④,"题目中涉及到的知识点是酶的性质。酶是一种生物催化剂，能够加速化学反应的进行。在这个题目中，$H_2O_2$（过氧化氢）是需要分解的物质，分解过氧化氢的酶叫做过氧化氢酶（catalase）。当过氧化氢酶与过氧化氢接触时，会迅速分解过氧化氢为水和氧气。因此，我们可以通过观察是否产生气泡来判断溶液中的过氧化氢是否变质。

选项解析：
①生鸡肝：生鸡肝中含有大量的过氧化氢酶，可以分解过氧化氢。
②生土豆片：生土豆片同样含有过氧化氢酶，可以分解过氧化氢。
③熟鸡肝：熟鸡肝在高温下经过加热，酶失去活性，无法分解过氧化氢。
④炸薯条：炸薯条在高温下经过油炸，酶失去活性，无法分解过氧化氢。

根据以上分析，正确答案为：

A",A,A,,
84,镁是合成叶绿素的原料，当植物缺镁时，其基部叶片常发黄，而幼叶却生长正常，这说明：____,幼叶对镁的需要量少,镁由老叶移到了新叶,老叶中的镁不能参与叶绿素合成,老叶对缺镁比幼叶敏感,"首先，我们可以分析一下各选项：

A: 幼叶对镁的需要量少。这个选项看似合理，因为幼叶生长正常，但实际上幼叶和老叶对镁的需求量是相近的，因为它们都需要镁来合成叶绿素。

B: 镁由老叶移到了新叶。这个选项可能正确，因为植物在缺乏某种营养元素时，会将其从老叶中转移至新叶，以保证新叶的正常生长。

C: 老叶中的镁不能参与叶绿素合成。这个选项不正确，因为镁是参与叶绿素合成的关键元素，老叶中的镁同样可以用于叶绿素合成。

D: 老叶对缺镁比幼叶敏感。这个选项也不正确，老叶和幼叶对缺镁的敏感程度应该是相似的，只是缺镁时植物会优先保证新叶的生长。

通过以上分析，我们可以得出结论：当植物缺镁时，镁会从老叶中转移到新叶以保证新叶的正常生长。因此，正确答案为：

B",B,C,,
85,“芳林新叶催陈叶，流水前波让后波”，新叶中叶绿素的合成必须含有的离子是____,$Mg^{2+}$,$Fe^{2+}$,$Zn^+$,$Ca^{2+}$,"叶绿素是一种绿色的光合色素，主要存在于植物、藻类和某些细菌中。它在光合作用中起到捕获光能并将其转化为化学能的作用。叶绿素的合成需要一些离子参与。

A选项：$Mg^{2+}$ 是叶绿素分子的中心原子，它与四个氮原子共同构成了叶绿素的咯吡啶环。没有镁离子，叶绿素分子就无法形成，因此镁离子对叶绿素的合成至关重要。

B选项：$Fe^{2+}$ 是铁离子，对于光合作用中电子传递链的构成和功能有重要作用。尽管铁离子对光合作用非常重要，但它不是叶绿素分子本身的组成成分。

C选项：$Zn^+$ 是锌离子，它在生物体中主要以酶的辅助因子的形式存在，参与许多生物反应。但它不是叶绿素的组成成分。

D选项：$Ca^{2+}$ 是钙离子，它在细胞中具有多种功能，如细胞信号传导、酶活性调节等。但钙离子也不是叶绿素的组成成分。

根据以上分析，新叶中叶绿素的合成必须含有的离子是镁离子。

A",A,A,,
86,DNA分子具有多样性和特异性的原因是____,碱基的种类不同,脱氧核糖的排列顺序不同,碱基的配对方式不同,碱基对的排列顺序不同,"DNA分子的多样性和特异性是由于碱基对的排列顺序不同。我们来分析一下各个选项：

A: 碱基的种类不同。DNA分子中有四种碱基：腺嘌呤（A）、鸟嘌呤（G）、胞嘧啶（C）和胸腺嘧啶（T）。虽然碱基种类不同，但这并不是导致DNA多样性和特异性的主要原因。

B: 脱氧核糖的排列顺序不同。DNA的主要组成部分是脱氧核糖，但脱氧核糖的排列顺序并不影响DNA的多样性和特异性，因为它们是相同的。

C: 碱基的配对方式不同。碱基在DNA分子中的配对方式是固定的，即A与T配对，C与G配对。这种配对方式保持了DNA结构的稳定性，但并不是DNA多样性和特异性的原因。

D: 碱基对的排列顺序不同。这是正确答案。DNA分子中，碱基对的排列顺序决定了基因的信息。由于每个生物的基因信息不同，因此碱基对的排列顺序也就不同，从而使得DNA分子具有多样性和特异性。

因此，正确答案是：

D",D,D,,
87,下列有关遗传信息传递过程的叙述，错误的是____,DNA复制、转录及翻译过程都遵循碱基互补配对原则,核基因转录形成的mRNA穿过核孔进入细胞质中参与翻译过程,DNA复制、转录和翻译的原料依次是脱氧核苷酸、核糖核苷酸和氨基酸,DNA复制和转录都是以DNA的两条链为模板，翻译则以mRNA为模板,"我们先来分析每个选项：

A: DNA复制、转录及翻译过程都遵循碱基互补配对原则。这个叙述是正确的。在DNA复制过程中，碱基互补配对原则确保新合成的链与模板链完全互补。在转录过程中，RNA聚合酶沿DNA模板链合成mRNA，同样遵循碱基互补配对原则。在翻译过程中，tRNA的反义氨基酸基序与mRNA的密码子进行碱基互补配对。

B: 核基因转录形成的mRNA穿过核孔进入细胞质中参与翻译过程。这个叙述是正确的。在真核细胞中，转录和翻译是空间分离的，mRNA需要从细胞核中穿过核孔，进入细胞质中与核糖体结合进行翻译。

C: DNA复制、转录和翻译的原料依次是脱氧核苷酸、核糖核苷酸和氨基酸。这个叙述是正确的。DNA复制过程中，需要脱氧核苷酸作为合成新链的原料；转录过程中，需要核糖核苷酸作为合成mRNA的原料；翻译过程中，需要氨基酸作为合成蛋白质的原料。

D: DNA复制和转录都是以DNA的两条链为模板，翻译则以mRNA为模板。这个叙述是错误的。在DNA复制过程中，虽然两条链都会被复制，但每条链分别作为模板合成一个新的互补链。而在转录过程中，只有一条DNA链（称为模板链或非编码链）被用作模板，另一条链（称为编码链）不参与转录。翻译过程中，以mRNA为模板，这部分描述是正确的。

综上所述，错误的叙述是选项D。

D",D,D,,
88,"孟德尔选用豌豆作为遗传实验材料的理由及对豌豆进行异花授粉前的处理是____
①豌豆是闭花授粉植物；②豌豆在自然状态下是纯种；③用豌豆作实验材料有直接经济价值；
④各品种间具有一些稳定的、差异较大而容易区分的性状；⑤开花期母本去雄，然后套袋；
⑥花蕾期母本去雄，然后套袋；",①②③④⑥,①②⑤⑥,①②④⑥,②③④⑥,"我们来分析一下每个选项的正确性：

①豌豆是闭花授粉植物：正确。这是孟德尔选用豌豆的原因之一，闭花授粉有利于保持纯种。

②豌豆在自然状态下是纯种：正确。孟德尔选择的豌豆品种在自然状态下都是纯合子，有利于研究遗传规律。

③用豌豆作实验材料有直接经济价值：错误。孟德尔选用豌豆的主要原因是其遗传特性，而非经济价值。

④各品种间具有一些稳定的、差异较大而容易区分的性状：正确。这是孟德尔选用豌豆的原因之一，有利于观察遗传现象。

⑤开花期母本去雄，然后套袋：错误。应该在花蕾期进行去雄处理，以防止自花授粉。

⑥花蕾期母本去雄，然后套袋：正确。这是进行异花授粉前的处理方法，防止自花授粉和杂交。

综上所述，正确答案是包含①②④⑥的选项。

C",C,C,,
89,利用抗逆性强的二倍体黑麦与蛋白质含量高的六倍体小麦杂交产生子代，再经秋水仙素处理，培育出蛋白质含量高、抗逆性强的小黑麦。这种育种方法属于____,多倍体育种,单倍体育种,诱变育种,杂交育种,"首先，我们来分析题目中的信息。题目提到了二倍体黑麦和六倍体小麦杂交产生子代，这是一种杂交的过程。接下来，题目提到了秋水仙素处理，秋水仙素可以诱导多倍体形成。因此，在这个育种过程中，涉及到了杂交和多倍体的形成。

现在我们来看选项：
A: 多倍体育种，是指通过诱导植物形成多倍体，以提高植物的优良性状。题目中提到的秋水仙素处理是多倍体育种的一种方法。
B: 单倍体育种，是指通过利用单倍体细胞进行育种，这个选项与题目中的信息不符。
C: 诱变育种，是指通过诱导突变来产生新的基因型，进而改善植物的性状。题目中没有涉及诱变育种的方法。
D: 杂交育种，是指通过杂交不同种类或者亲本的植物，以产生具有优良性状的新品种。题目中提到了二倍体黑麦和六倍体小麦的杂交。

综合以上分析，这种育种方法既涉及到了杂交育种，也涉及到了多倍体育种。因此，正确答案应为：

A,D",A,A,,
90,无机盐的功能各不相同，一些无机盐能参与生物体内重要物质的构成。下列四种离子中与人体内血红蛋白的合成直接相关的是____,$Fe^{2+}$,$I^-$,$PO_4^{3-}$,$Ca^{2+}$,"为了回答这个问题，我们需要考虑每个选项中的离子在生物体内的作用。

A: $Fe^{2+}$：铁离子是血红蛋白的重要组成部分，血红蛋白中的铁离子可以与氧气结合，从而实现氧气的运输。

B: $I^-$：碘离子在生物体内主要与甲状腺激素的合成相关，例如甲状腺素和三碘甲状腺素，它们在调节新陈代谢方面发挥作用。

C: $PO_4^{3-}$：磷酸离子在生物体内的作用广泛，包括与脱氧核糖核酸（DNA）、核糖核酸（RNA）的构成和能量代谢中的ATP合成等。

D: $Ca^{2+}$：钙离子在生物体内的作用包括细胞信号传导、神经冲动传播、肌肉收缩和骨骼的构成等。

综合以上信息，我们可以看出，与血红蛋白的合成直接相关的离子是铁离子 $Fe^{2+}$。

A",A,A,,
91,某植物种群中，r基因纯合的个体不能存活。已知该种群的基因型分别为YYRR、YyRR、yyRR、YYRr、YyRr、yyRr，它们的基因型频率依次为30%、20%、20%、10%、10%、10%。计算Y和y的基因频率依次为____。,55%和45%,45%和55%,27.5%和22.5%,22.5%和27.5%,"我们首先需要计算Y和y的基因频率。基因频率是指在一个种群中，某一基因的个数占总基因数的比例。

根据题目所给的信息，我们可以先计算出每个基因型所含有的Y和y基因的个数。

YYRR: 2Y, 0y
YyRR: 1Y, 1y
yyRR: 0Y, 2y
YYRr: 2Y, 0y
YyRr: 1Y, 1y
yyRr: 0Y, 2y

现在我们需要计算每个基因型的Y和y基因的总个数。

Y基因总个数 = (2 × 30%) + (1 × 20%) + (0 × 20%) + (2 × 10%) + (1 × 10%) + (0 × 10%)
Y基因总个数 = 0.6 + 0.2 + 0 + 0.2 + 0.1 + 0
Y基因总个数 = 1.1

y基因总个数 = (0 × 30%) + (1 × 20%) + (2 × 20%) + (0 × 10%) + (1 × 10%) + (2 × 10%)
y基因总个数 = 0 + 0.2 + 0.4 + 0 + 0.1 + 0.2
y基因总个数 = 0.9

现在我们可以计算Y和y的基因频率。

Y的基因频率 = Y基因总个数 / (Y基因总个数 + y基因总个数)
Y的基因频率 = 1.1 / (1.1 + 0.9)
Y的基因频率 = 1.1 / 2
Y的基因频率 = 0.55 = 55%

y的基因频率 = y基因总个数 / (Y基因总个数 + y基因总个数)
y的基因频率 = 0.9 / (1.1 + 0.9)
y的基因频率 = 0.9 / 2
y的基因频率 = 0.45 = 45%

所以Y和y的基因频率依次为55%和45%。

A",A,A,,
92,在动物体内，能够促使$H_2O_2$分解的是：____,过氧化氢酶,蛋白酶,$Fe^{3+}$,淀粉酶,"在动物体内，$H_2O_2$（过氧化氢）是一种有毒的物质，需要通过特定的酶来分解。我们来分析一下每个选项：

A: 过氧化氢酶 - 这是一种在生物体内广泛存在的酶，能够分解过氧化氢为水和氧气，从而降低过氧化氢在细胞内的浓度，保护细胞免受损伤。

B: 蛋白酶 - 蛋白酶是一类能够将蛋白质分解成小肽和氨基酸的酶，与过氧化氢的分解无关。

C: $Fe^{3+}$ - 铁离子在生物体内参与许多生化反应，但并不能直接分解过氧化氢。

D: 淀粉酶 - 淀粉酶是一种可以分解淀粉为麦芽糖和葡萄糖的酶，与过氧化氢的分解无关。

综上所述，能够促使$H_2O_2$分解的是过氧化氢酶。

A",A,A,,
93,"人类的ABO血型是由基因IA、IB.i(三者之间互为等位基因）控制,含基因IA不含基因 IB的个体为A型血,含基因IB不含基因IA的个体为B型血，基因IA和IB都有的个体为AB型血,基因IA和IB都没有的个体为O型血.下列相关叙述，正确的是____",人类的ABO血型共有5种基因型,父母都是AB型血，子女也应为AB型血,"父母都是O型血,子女也应为0型血",基因IA、IB和i之间均没有显隐性关系,"我们先分析每个选项：

A: 人类的ABO血型共有5种基因型
根据题目描述，我们可以知道有三种等位基因IA、IB和i，可以组合出的基因型有IAIA、IAi、IBIB、IBi和ii。所以共有5种基因型，选项A是正确的。

B: 父母都是AB型血，子女也应为AB型血
父母都是AB型血，他们的基因型分别是IAIB和IAIB。子女可能的基因型有IAIA、IAIB、IBIA、IBIB，对应的血型分别是A型、AB型、AB型、B型。所以子女并不一定是AB型血，选项B是错误的。

C: 父母都是O型血,子女也应为0型血
父母都是O型血，他们的基因型分别是ii和ii。子女可能的基因型只有ii，对应的血型是O型。所以父母都是O型血，子女也应为O型血，选项C是正确的。

D: 基因IA、IB和i之间均没有显隐性关系
题目描述中已经说明，基因IA和IB都有的个体为AB型血，这意味着IA和IB是共显性关系。而IAi为A型血，IBi为B型血，说明IA和i、IB和i之间是显隐性关系。所以选项D是错误的。

综合以上分析，正确答案是：
C",C,D,,
94,研究人员发现了细胞膜上专门供水分子进出的通道蛋白。水通道蛋白是位于细胞膜上的蛋白质，在细胞膜上组成“孔道”，控制水分子进出细胞。下列叙述正确的是____,水通道蛋白由氨基酸分子组成，水分子进出细胞均需要水通道蛋白的参与,同位素标记法可用于研究水通道蛋白从合成到整合到细胞膜上的过程,水通道蛋白有控制物质进出细胞和进行细胞间信息交流的功能,动物体中不同细胞的细胞膜上的水通道蛋白的种类和数量均相同,"我们来逐一分析每个选项：

A: 水通道蛋白由氨基酸分子组成，水分子进出细胞均需要水通道蛋白的参与。这个选项中的第一部分是正确的，水通道蛋白确实是由氨基酸组成的。然而，第二部分是错误的。虽然水通道蛋白确实能够加速水分子进出细胞的速率，但水分子也可以通过细胞膜的磷脂双层进行渗透。因此，A选项不正确。

B: 同位素标记法可用于研究水通道蛋白从合成到整合到细胞膜上的过程。同位素标记法是一种生物学研究方法，可以用来研究生物分子的合成、转运、代谢和降解等过程。因此，这个选项是正确的。

C: 水通道蛋白有控制物质进出细胞和进行细胞间信息交流的功能。这个选项是错误的。水通道蛋白主要负责水分子的进出，而不是控制物质进出细胞或进行细胞间信息交流。物质进出细胞和细胞间信息交流是由其他类型的膜蛋白负责的，如转运蛋白和受体蛋白。

D: 动物体中不同细胞的细胞膜上的水通道蛋白的种类和数量均相同。这个选项是错误的。不同细胞的功能不同，对水分子的需求也不同，因此它们的细胞膜上的水通道蛋白种类和数量也会有所不同。

综上所述，正确答案是：
B",B,B,,
95,下列关于基因、蛋白质与性状的关系的描述中，正确的是____。,"皱粒豌豆种子中，编码淀粉分支酶的基因被打乱，不能合成淀粉分支酶、淀粉含量
    低而蔗糖含量高",人类白化病症状是基因通过控制蛋白质的结构直接控制生物体的性状来实现的,基因与性状呈线性关系，即一种性状由一个基因控制,囊性纤维病患者中，编码一个CFTR蛋白的基因缺失了3个碱基，这种变异属于染色体变异,"首先，我们逐个分析每个选项：

A: 皱粒豌豆种子中，编码淀粉分支酶的基因被打乱，不能合成淀粉分支酶、淀粉含量低而蔗糖含量高。这个选项描述的是皱粒豌豆种子中基因的变异导致了相应蛋白质合成的改变，从而影响了生物体的性状。这个描述是正确的。

B: 人类白化病症状是基因通过控制蛋白质的结构直接控制生物体的性状来实现的。这个选项描述的是基因通过控制蛋白质的结构来影响生物体的性状。这个描述也是正确的。

C: 基因与性状呈线性关系，即一种性状由一个基因控制。这个选项描述的是一个简化的观点，实际上许多性状是由多个基因共同控制的，因此这个描述是错误的。

D: 囊性纤维病患者中，编码一个CFTR蛋白的基因缺失了3个碱基，这种变异属于染色体变异。这个选项描述的是编码CFTR蛋白的基因发生了碱基缺失，但这种变异属于基因水平的变异，而非染色体变异。因此这个描述是错误的。

根据以上分析，我们可以得出正确答案是：

B",B,A,,
96,大豆子叶的颜色受一对等位基因控制，基因型为AA的个体呈深绿色、基因型为Aa的个体呈浅绿色、基因型为aa的个体呈黄色在幼苗阶段死亡。下列说法错误的是____,浅绿色植株自花传粉，其成熟后代的基因型为AA和Aa，且比例为1：2,浅绿色植株与深绿色植株杂交，成熟后代的表现型为深绿色和浅绿色，比例为1：1,浅绿色植株连续自交n次，成熟后代中杂合子的概率为$1 / 2^n$,经过长时间的自然选择，A基因频率越来越大，a基因频率越来越小,"我们可以逐个选项进行分析：

A: 浅绿色植株自花传粉，其成熟后代的基因型为AA和Aa，且比例为1：2。
浅绿色植株的基因型为Aa。当它们自花传粉时，我们可以通过杂交分析法（Punnett square）计算后代的基因型比例。父母植株的基因型是 Aa x Aa，那么后代的基因型比例将是：

- AA: 1/4
- Aa: 1/2
- aa: 1/4

但是，aa基因型的个体在幼苗阶段就会死亡，所以实际上只有AA和Aa两种基因型的后代能够成熟。因此，成熟后代的基因型比例为：

- AA: 1/3
- Aa: 2/3

所以，选项A的说法是错误的。

B: 浅绿色植株与深绿色植株杂交，成熟后代的表现型为深绿色和浅绿色，比例为1：1。
浅绿色植株的基因型为Aa，深绿色植株的基因型为AA。将这两个植株进行杂交，得到的后代基因型比例为：

- AA: 1/2
- Aa: 1/2

这些后代的表现型分别为深绿色和浅绿色，比例为1：1。所以，选项B的说法是正确的。

C: 浅绿色植株连续自交n次，成熟后代中杂合子的概率为$1 / 2^n$。
这个说法是错误的。因为如前所述，浅绿色植株自交后代的基因型比例中，Aa的概率始终保持在2/3。所以，无论自交多少次，成熟后代中杂合子的概率始终为2/3。

D: 经过长时间的自然选择，A基因频率越来越大，a基因频率越来越小。
这个说法是正确的。因为aa基因型的个体在幼苗阶段就会死亡，所以它们无法繁殖。随着时间的推移，A基因的频率将逐渐增加，而a基因的频率将逐渐减小。

综上所述，正确答案是：
C",C,A,,
97,"已知$Mn^{2+}$是许多酶的激活剂，例如能激活硝酸还原酶，缺乏$Mn^{2+}$的植物就无法利用硝
酸盐，这说明无机盐离子:____",是细胞内某些复杂化合物的重要组成成分,对维持细胞的渗透压有重要作用,对维持细胞的酸碱平衡有重要作用,对植物生物体的生命活动起重要作用,"我们来分析一下每个选项：

A: 是细胞内某些复杂化合物的重要组成成分
这个选项指的是无机盐离子可能是细胞内某些复杂化合物的组成成分。虽然某些无机盐离子可能是细胞内复杂化合物的组成成分，但这个选项并没有特指$Mn^{2+}$和硝酸还原酶的关系。

B: 对维持细胞的渗透压有重要作用
这个选项指的是无机盐离子对维持细胞的渗透压有重要作用。虽然有些无机盐离子确实对维持细胞的渗透压有重要作用，但这个选项并没有特指$Mn^{2+}$和硝酸还原酶的关系。

C: 对维持细胞的酸碱平衡有重要作用
这个选项指的是无机盐离子对维持细胞的酸碱平衡有重要作用。虽然有些无机盐离子确实对维持细胞的酸碱平衡有重要作用，但这个选项并没有特指$Mn^{2+}$和硝酸还原酶的关系。

D: 对植物生物体的生命活动起重要作用
这个选项指的是无机盐离子对植物生物体的生命活动起重要作用。题目中提到$Mn^{2+}$是许多酶的激活剂，能激活硝酸还原酶，缺乏$Mn^{2+}$的植物无法利用硝酸盐。这说明$Mn^{2+}$对植物生物体的生命活动起重要作用。

综合以上分析，正确答案是：

D",D,D,,
98,转基因动物是指____,提供基因的动物,基因组中增加外源基因的动物,能产生白蛋白的动物,能表达基因信息的动物,"首先，我们来分析每个选项的含义。

A: 提供基因的动物。这个选项并没有明确说明转基因的含义，只是指出了这种动物可以提供基因。但是，任何动物都有基因，因此这个选项并不能明确说明转基因动物的特点。

B: 基因组中增加外源基因的动物。这个选项提到了外源基因，即外来的、非本种原有的基因。这个选项暗示了转基因动物的基因组发生了改变，其中包含了来自其他生物的基因。

C: 能产生白蛋白的动物。白蛋白是一种蛋白质，许多动物都能产生。这个选项没有涉及到转基因的概念，因此不是正确答案。

D: 能表达基因信息的动物。所有的生物都能表达基因信息，因为基因信息是编码生物特征的基础。这个选项也没有涉及到转基因的概念，所以不是正确答案。

通过以上分析，我们可以得出结论：转基因动物是指基因组中增加外源基因的动物。因此，正确答案是 B。",B,B,,
99,采用大棚种植蔬菜时，一天中大棚内$CO_2$浓度最低的时间是____,夜间0点,清晨6点,中午12点,傍晚6点,"在解答这道题之前，我们需要了解植物光合作用的原理。光合作用是植物在阳光照射下，通过叶绿素将二氧化碳和水转化为葡萄糖的过程，同时产生氧气。植物在光合作用过程中会消耗二氧化碳。

A: 夜间0点 - 夜间，由于缺乏光照，植物不进行光合作用，不会消耗二氧化碳，因此二氧化碳浓度不会降低。

B: 清晨6点 - 清晨太阳刚刚升起，光照较弱，植物进行光合作用的速度较慢，二氧化碳浓度下降速度较慢。

C: 中午12点 - 此时阳光充足，植物光合作用进行得较为旺盛，消耗的二氧化碳较多，导致二氧化碳浓度降低。

D: 傍晚6点 - 随着太阳逐渐落山，光照逐渐减弱，植物光合作用的速度也会减慢，二氧化碳浓度的下降速度较慢。

综上所述，当植物光合作用进行得最为旺盛时，二氧化碳的消耗速度最快，二氧化碳浓度最低。因此，答案是：

C",C,C,,
100,下列各项中不属于生物共同进化实例的是____,猎豹捕食斑马,某种长有细长花矩的兰花和生有细长口器专门为它授粉的蛾,草原上狼的灭绝造成鹿的数量剧增,光合生物出现后，为好氧生物的出现创造了前提条件,"我们先了解一下生物共同进化的概念。生物共同进化是指两种或多种生物在长期的自然选择过程中，相互影响、相互适应，从而达到共同生存和发展的现象。

接下来，我们来分析每个选项：

A: 猎豹捕食斑马。这是一种捕食关系，猎豹和斑马之间的相互作用是捕食者与被捕食者的关系，而非共同进化。

B: 某种长有细长花矩的兰花和生有细长口器专门为它授粉的蛾。这是一种共生关系，兰花和蛾子之间相互依赖，兰花依赖蛾子进行授粉，蛾子依赖兰花获取食物，是典型的共同进化现象。

C: 草原上狼的灭绝造成鹿的数量剧增。这是一种生态平衡现象，狼是鹿的天敌，狼的灭绝导致鹿的数量增加。这是一种生态关系，而非共同进化。

D: 光合生物出现后，为好氧生物的出现创造了前提条件。这是一种生态关系，光合生物产生氧气，为好氧生物提供了生存条件。这与共同进化没有直接关系。

综合以上分析，我们可以得出正确答案是：

A",A,C,,
101,"用某种农药来防治某种害虫，开始效果很显著，但长期使用后效果越来越差，
原因是____",害虫对农药进行了定向选择,害虫针对农药进行了定向变异,害虫对农药进行了隔离,农药对害虫的抗药性变异进行了定向选择,"我们来分析一下这道题目。题目描述了一个农药在开始使用时效果显著，但长期使用后效果逐渐减弱的现象。这通常是因为害虫对农药产生了抗药性。

接下来，我们来看选项：

A: 害虫对农药进行了定向选择。这个选项意味着害虫主动选择了对农药有抵抗力的个体。但实际上，害虫无法主动选择对农药有抵抗力的个体，而是通过自然选择，抵抗力强的个体更容易生存繁衍。

B: 害虫针对农药进行了定向变异。这个选项意味着害虫主动改变自己的基因以适应农药。然而，变异是一个随机的过程，害虫无法主动进行定向变异。

C: 害虫对农药进行了隔离。这个选项意味着害虫把自己和农药隔离开来。然而，农药是用来防治害虫的，害虫无法与农药完全隔离。

D: 农药对害虫的抗药性变异进行了定向选择。这个选项意味着农药的使用导致了对抗药性强的害虫个体有更高的生存机会，从而使得抗药性的害虫在种群中逐渐增加。这符合自然选择的原理。

综上所述，选项D符合题目描述的现象。

D",D,D,,
102,在甲、乙试管中各加入2mL体积分数为3%的过氧化氢溶液，再向甲试管中加入2滴新鲜鸡肝匀浆，向乙试管中加入2滴质量分数为%的FeCl3溶液，观察到的现象是：____,甲试管比乙试管产生的气泡多,甲试管和乙试管产生的气泡一样多,甲试管比乙试管产生的气泡少,甲试管产生气泡，乙试管不产生气泡,"我们需要了解过氧化氢溶液在不同条件下的反应。

在甲试管中，新鲜鸡肝匀浆含有丰富的过氧化氢酶（catalase），这种酶可以加速过氧化氢的分解反应。过氧化氢的分解反应如下：
2H2O2 → 2H2O + O2
当过氧化氢分解时，会产生氧气气泡。

在乙试管中，加入了FeCl3溶液。Fe3+可以作为催化剂，促使过氧化氢的分解，但其效果没有过氧化氢酶明显。因此，乙试管中产生气泡的速度和数量相对较少。

根据以上分析，甲试管中的气泡产生速度和数量应该比乙试管中的多。因此，正确答案是：
A",A,A,,
103,下列关于细胞分裂、分化、衰老和死亡的叙述，正确的是：____,细胞分化使各种细胞的遗传物质产生差异,细胞分化仅发生于胚胎发育阶段,生物体每时每刻都有细胞在衰老和死亡,所有体细胞都不断地进行细胞分裂,"我们来分析每个选项：

A: 细胞分化使各种细胞的遗传物质产生差异。这个说法是错误的，因为细胞分化并不改变细胞的遗传物质，而是通过基因的表达和抑制来实现不同类型细胞的功能。

B: 细胞分化仅发生于胚胎发育阶段。这个说法也是错误的，因为虽然细胞分化在胚胎发育阶段非常活跃，但成体生物中的一些细胞也可以分化，如干细胞。

C: 生物体每时每刻都有细胞在衰老和死亡。这个说法是正确的，生物体中的细胞在不断地更新和替换，细胞会经历生长、分裂、衰老和死亡的过程。

D: 所有体细胞都不断地进行细胞分裂。这个说法是错误的，因为并非所有的体细胞都会不断地进行细胞分裂。例如，神经细胞和肌肉细胞在成熟后就不再进行分裂。

综上所述，正确答案是：

C",C,C,,
104,1927年，200多只东方铃蟾被科研人从北京市移入山东地区，经过百余年的进化，相比北京市的蟾蜍____,基因库相同,都没发生基因突变,具有地理隔离,基因都定向改变,"首先，我们来分析一下每个选项：

A: 基因库相同 - 这个选项可能性较小，因为经过百余年的进化，生物在不同环境下可能会发生基因变异以适应新的环境。

B: 都没发生基因突变 - 这个选项也不太可能，因为基因突变是生物进化的一个重要过程，随着时间的推移，生物体内难免会发生基因突变。

C: 具有地理隔离 - 这个选项是可能的，因为北京市和山东地区是不同的地理位置，这些铃蟾在百余年的时间里生活在不同的环境中，因此很可能形成地理隔离。

D: 基因都定向改变 - 这个选项可能性较小，因为基因的改变通常是随机的，而非定向的。

综合上述分析，正确答案应为地理隔离。

C",C,C,,
105,"某昆虫长翅（B)对残翅(b）、黑体（E)对灰体（e）为显性，这两对性状独立遗传，环境导致基因型为bbE_和B_ee的胚胎致死。现有纯合的雄虫(BBEE)与雌虫(bbee)交配得F1,F1随机交配得F2,则F2成虫群体中E的基因频率是____",0.50%,60.00%,40%,100.00%,"首先，我们需要分析题目给出的信息。

题目中有两对显性隐性关系的基因，长翅（B）对残翅（b），黑体（E）对灰体（e）。环境导致基因型为bbE_和B_ee的胚胎致死。

纯合的雄虫（BBEE）与雌虫（bbee）交配得到F1代，它们的基因型应该是BbEe。这是因为雄虫和雌虫的基因都会分别传递一个给子代。

接下来，F1代随机交配得到F2代。我们可以通过Punnett方格的方法来计算F2代的基因型。我们需要列出可能的配对：
1. BbEe x BbEe
2. BbEe x Bbee (致死)
3. BbEe x bbEe
4. BbEe x bbee (致死)
5. Bbee x BbEe (致死)
6. Bbee x Bbee (致死)
7. Bbee x bbEe (致死)
8. Bbee x bbee (致死)
9. bbEe x BbEe
10. bbEe x Bbee (致死)
11. bbEe x bbEe
12. bbEe x bbee (致死)
13. bbee x BbEe (致死)
14. bbee x Bbee (致死)
15. bbee x bbEe (致死)
16. bbee x bbee (致死)

从上面的配对中，我们可以看到有8种组合是致死的。剩下的8种组合中，我们可以计算出E基因的频率。

在剩下的8种组合中，E基因的数量分别是：
1. 4
3. 2
4. 0
9. 2
11. 0
12. 0

所以，E基因的频率是(4+2+2)/(4+4+2+2+2+2+0+0) = 8/16 = 0.5，即50%。

因此，正确答案是：
A",A,B,,
106,下列关于基因频率，基因型频率与生物进化的叙述正确的是____,在一个种群中，控制一对相对性状的各种基因型频率之和为1,一个种群中，控制一对相对性状的各种基因型频率的改变说明物种在不断进化,基因型Aa的个体自交后代所形成的种群中，A基因的频率大于a基因的频率,因色盲患者中男性数量大于女性，所以男性群体中色盲的基因频率大于女性群体,"我们来逐个分析每个选项：

A: 在一个种群中，控制一对相对性状的各种基因型频率之和为1。
这个选项是正确的。在一个种群中，关于某个特定性状的所有基因型的频率之和等于1。例如，如果我们考虑遗传的两种等位基因A和a，那么所有可能的基因型是AA，Aa和aa。在种群中，这三种基因型的频率之和等于1。

B: 一个种群中，控制一对相对性状的各种基因型频率的改变说明物种在不断进化。
这个选项是正确的。生物进化是指种群中遗传特征随时间发生的变化。当某个特定性状的基因型频率发生改变时，意味着种群在遗传层面上发生了变化，即物种在进化。

C: 基因型Aa的个体自交后代所形成的种群中，A基因的频率大于a基因的频率。
这个选项是错误的。基因型Aa的个体自交后，其后代的基因型比例是：1/4 AA，1/2 Aa，1/4 aa。A基因的频率是（1/4 + 1/2）/2 = 3/8，a基因的频率是（1/4 + 1/2）/2 = 3/8。因此，A基因的频率等于a基因的频率。

D: 因色盲患者中男性数量大于女性，所以男性群体中色盲的基因频率大于女性群体。
这个选项是正确的。色盲是一种隐性的X染色体上的遗传病。男性只有一个X染色体，所以如果他们携带了这个隐性基因，他们就会表现出色盲。而女性有两个X染色体，她们必须携带两个隐性基因才会表现出色盲。因此，在男性群体中，色盲基因的频率会比在女性群体中高。

综合以上分析，正确答案是：
B",B,A,,
107,一对表现型正常的夫妇，他们的第一个孩子是白化病患者，那么他们第二胎所生的子女是白化病的几率是____,100.00%,75%,50%,25%,"这道题目考察的是孟德尔遗传规律中的概率问题。首先，我们需要分析题目给出的信息：

1. 一对表现型正常的夫妇：这意味着他们可能是隐性基因携带者，因为他们的孩子有白化病。
2. 他们的第一个孩子是白化病患者：这意味着这个孩子从父母那里继承了两个白化病的隐性基因。

根据这些信息，我们可以推测夫妇二人的基因型为 Aa（A 代表正常基因，a 代表白化病隐性基因）。接下来，我们需要计算他们第二胎孩子患白化病的几率。

我们可以通过构建一个杂交方阵（Punnett Square）来计算概率。夫妇二人的基因型分别是 Aa（母亲）和 Aa（父亲）。杂交方阵如下：

```
   A   a
A AA  Aa
a Aa  aa
```

从杂交方阵中，我们可以看到有以下四种可能的基因型组合：AA、Aa、Aa、aa。其中，只有 aa 代表患有白化病的基因型。

所以，他们第二胎孩子患白化病的几率是 1/4，即 25%。

答案是：D",D,D,,
108,"在叶绿体中,ATP和ADP的运动方向是____",ATP和ADP同时由类囊体向叶绿体基质运动,ATP和ADP同时由叶绿体基质向类囊体运动,"ATP由类囊体向叶绿体基质运动,ADP的运动方向则相反","ADP由类囊体向叶绿体基质运动,ATP的运动方向则相反","在叶绿体中，光合作用可以分为光反应和暗反应两个阶段。光反应主要发生在类囊体膜上，其主要功能是利用光能产生ATP和NADPH。而暗反应主要发生在叶绿体基质中，主要功能是利用ATP和NADPH合成有机物质。

在光反应中，光系统（photosystem）吸收光能，使电子激发并传递，最后通过光磷酸化作用产生ATP。在这一过程中，类囊体膜上的氧化还原反应使得质子从叶绿体基质运输到类囊体腔中，形成质子梯度。质子通过类囊体膜上的ATP合酶通道返回叶绿体基质，使ADP磷酸化为ATP。

所以，ATP是由类囊体膜的光磷酸化作用产生的，然后向叶绿体基质运动，为暗反应提供能量。与此同时，ADP从叶绿体基质运动到类囊体膜上，通过ATP合酶通道磷酸化为ATP。因此，ATP和ADP的运动方向是相反的。

综上所述，正确答案是：

C",C,C,,
109,糖类、脂肪、蛋白质、核酸共有的化学元素是____,C、H、O、N、P,C、H、O、N,C、H、O,O、H,"我们来分析一下这道题目。题目要求我们找出糖类、脂肪、蛋白质、核酸共有的化学元素。

糖类（碳水化合物）主要由碳（C）、氢（H）和氧（O）元素组成。

脂肪（脂类）主要由碳（C）、氢（H）和氧（O）元素组成。

蛋白质主要由碳（C）、氢（H）、氮（N）和氧（O）元素组成。

核酸主要由碳（C）、氢（H）、氮（N）、氧（O）和磷（P）元素组成。

根据以上信息，我们可以得出糖类、脂肪、蛋白质、核酸共有的化学元素是碳（C）、氢（H）和氧（O），因此正确答案是：

C",C,C,,
110,下列对人体细胞的生命历程的叙述，错误的是____,表皮细胞中每天都会有一些细胞凋亡脱落,受精卵增殖分化后细胞核内遗传信息一般不会发生改变,衰老的细胞体积变小，但其细胞核会变大,随着细胞的生长，细胞表面积和体积的比值会有所增大,"我们来逐一分析每个选项：

A: 表皮细胞中每天都会有一些细胞凋亡脱落。这个说法是正确的，因为表皮细胞会不断地更新，一部分老化的细胞会通过凋亡的方式被清除。

B: 受精卵增殖分化后细胞核内遗传信息一般不会发生改变。这个说法也是正确的，受精卵的细胞核内含有双亲的遗传信息，经过数次有丝分裂后，细胞核内的遗传信息仍然保持不变。

C: 衰老的细胞体积变小，但其细胞核会变大。这个说法是错误的，衰老的细胞通常会出现形态改变，如细胞核变小、染色质凝聚等现象。

D: 随着细胞的生长，细胞表面积和体积的比值会有所增大。这个说法是错误的，随着细胞的生长，细胞表面积和体积的比值会有所减小。因为细胞体积的增长速度通常大于细胞表面积的增长速度。

综上所述，正确答案为：

C",C,D,,
111,下列关于生物膜组成和结构的叙述，正确的是____,构成生物膜的磷脂分子可以运动而蛋白质分子不可以运动,生物膜由外到内依次由糖被、蛋白质、磷脂双分子层构成,生物膜成分的更新可以通过囊泡的转移来实现,组成膜的各种化学成分在膜上是均匀分布的,"我们来分析一下每个选项：

A: 构成生物膜的磷脂分子可以运动而蛋白质分子不可以运动
这个选项是错误的。根据流动镶嵌模型，生物膜上的蛋白质分子和磷脂分子都可以在膜内进行运动。

B: 生物膜由外到内依次由糖被、蛋白质、磷脂双分子层构成
这个选项是错误的。生物膜的主要结构是磷脂双分子层，其中镶嵌有蛋白质分子。糖被是存在于细胞膜外侧的，与蛋白质或磷脂分子共价结合形成糖蛋白或糖磷脂。

C: 生物膜成分的更新可以通过囊泡的转移来实现
这个选项是正确的。生物膜成分的更新是通过内质网、高尔基体等细胞器产生的囊泡与细胞膜融合来实现的。囊泡内含有新合成的膜蛋白和磷脂分子，在囊泡与细胞膜融合的过程中，新的膜成分被嵌入到细胞膜中。

D: 组成膜的各种化学成分在膜上是均匀分布的
这个选项是错误的。生物膜上的蛋白质、磷脂分子以及糖被等成分在膜上的分布是不均匀的。例如，膜蛋白在功能上可以分为转运蛋白、受体蛋白等，它们在膜上的分布取决于细胞的功能需求。

综合以上分析，正确答案是：
C",C,C,,
112,将胆固醇由肝脏运进组织细胞的脂蛋白是____,CM,VLDL,LDL,HDL,"这道题目考察的是脂蛋白在胆固醇运输过程中的作用。首先，我们需要了解各种脂蛋白的功能。

A选项：CM（chylomicron，乳糜微粒）主要在肠道上皮细胞中合成，负责将食物中的脂肪运输到全身组织细胞。

B选项：VLDL（Very Low-Density Lipoprotein，极低密度脂蛋白）由肝脏合成，负责将肝脏合成的甘油三酯运输到全身组织细胞。

C选项：LDL（Low-Density Lipoprotein，低密度脂蛋白）是VLDL经过组织细胞摄取甘油三酯后转化而来，负责将胆固醇运输到全身组织细胞。

D选项：HDL（High-Density Lipoprotein，高密度脂蛋白）主要负责从外周组织细胞运输胆固醇回肝脏。

根据题目要求，我们需要找到将胆固醇由肝脏运进组织细胞的脂蛋白。根据上述解释，答案应为C选项：LDL。

C",C,C,,
113,某人能读书看报，也可以写文章，但就是听不懂别人说的话，这表明他的大脑受到损伤，损伤的区域是____,大脑皮层运动区,大脑皮层言语区,下丘脑,小脑,"我们首先分析题干中的信息：某人能读书看报、写文章，但就是听不懂别人说的话。这说明他的视觉和运动功能正常，但听力理解功能受损。

接下来我们分析选项：
A: 大脑皮层运动区。这个区域主要负责身体的运动控制。考虑到这个人能够写文章，说明运动功能正常，所以排除A选项。

B: 大脑皮层言语区。这个区域主要负责语言理解和表达。根据题干信息，这个人听力理解功能受损，所以我们暂时保留B选项。

C: 下丘脑。这个区域主要负责内分泌、自主神经和生理功能的调节。与题干描述的情况不相关，所以排除C选项。

D: 小脑。这个区域主要负责协调运动、维持平衡和姿势。考虑到这个人能够写文章，说明运动功能正常，所以排除D选项。

综上所述，损伤的区域是大脑皮层言语区。

B",B,B,,
114,取生长健壮的洋葱根尖，制成临时装片，放在显微镜下观察，下列有关做法错误的是____,装片制作的正确顺序是解离→染色→漂洗→制片,如果在一个视野中不能看全各个时期，可移动装片从周围细胞中寻找,通过观察细胞内染色体的存在状态判断细胞所处的时期,如果视野过暗，可以调节反光镜或增大光圈以增加视野的亮度,"我们逐个分析每个选项：

A: 装片制作的正确顺序是解离→染色→漂洗→制片。这个选项描述的顺序是正确的。首先需要对洋葱根尖进行解离，将细胞分离开来，然后进行染色，使得染色体更容易观察。接着漂洗去掉多余的染料，最后制成临时装片。

B: 如果在一个视野中不能看全各个时期，可移动装片从周围细胞中寻找。这个选项也是正确的。由于洋葱根尖细胞可能处于不同的生长时期，因此在一个视野中可能无法观察到所有时期的细胞。移动装片可以帮助我们找到更多的细胞，以便观察它们所处的时期。

C: 通过观察细胞内染色体的存在状态判断细胞所处的时期。这个选项也是正确的。在不同的细胞生长时期，细胞内染色体的存在状态是不同的。例如，染色体在间期中无法观察到，而在分裂期中则可以明显看到染色体。

D: 如果视野过暗，可以调节反光镜或增大光圈以增加视野的亮度。这个选项是错误的。在显微镜下观察时，如果视野过暗，应该是调节减光镜而非反光镜。同时，调节光圈可以改变视野的亮度，但应当减小光圈而不是增大光圈。

综上所述，正确答案是：

D",D,A,,
115,DNA分子的双链在复制时解旋，这时那一对碱基从氢键连接处分开____,鸟嘌呤与尿嘧啶,腺嘌呤与胸腺嘧啶,鸟嘌呤与胸腺嘧啶,腺嘌呤与尿嘧啶,"在解答这道题之前，我们先了解一下DNA的结构。DNA是由两条链组成的双螺旋结构，链上的碱基通过氢键相互连接。碱基分为四种：腺嘌呤（A）、鸟嘌呤（G）、胸腺嘧啶（T）和尿嘧啶（C）。在DNA结构中，腺嘌呤（A）总是与胸腺嘧啶（T）配对，鸟嘌呤（G）总是与尿嘧啶（C）配对。

题目中描述的是DNA复制过程中，双链解旋后碱基从氢键连接处分开。根据碱基配对原则，我们可以分析每个选项是否正确。

A: 鸟嘌呤与尿嘧啶。这个选项是正确的，因为G（鸟嘌呤）与C（尿嘧啶）之间形成氢键，它们需要分开以进行DNA复制。

B: 腺嘌呤与胸腺嘧啶。这个选项是错误的，因为A（腺嘌呤）与T（胸腺嘧啶）之间形成氢键，它们需要分开以进行DNA复制。

C: 鸟嘌呤与胸腺嘧啶。这个选项是错误的，因为G（鸟嘌呤）与C（尿嘧啶）配对，T（胸腺嘧啶）与A（腺嘌呤）配对。

D: 腺嘌呤与尿嘧啶。这个选项是错误的，因为A（腺嘌呤）与T（胸腺嘧啶）配对，G（鸟嘌呤）与C（尿嘧啶）配对。

根据以上分析，我们可以得出正确答案。

A",A,B,,
116,当细胞处于饥饿状态时，可以分解自身生物大分子，以产生营养成分供细胞急需.在此过程中起主要作用的细胞器是____,线粒体,高尔基体,溶酶体,核糖体,"在细胞处于饥饿状态时，细胞需要分解自身生物大分子，以产生营养成分供细胞急需。我们来分析一下每个选项：

A: 线粒体 - 线粒体是细胞的能量工厂，负责有氧呼吸产生ATP。虽然线粒体在细胞能量代谢中起着重要作用，但它不直接参与分解生物大分子。

B: 高尔基体 - 高尔基体是细胞内的蛋白质、脂质加工、修饰和运输中心。虽然高尔基体参与蛋白质的处理和运输，但它并不负责分解生物大分子。

C: 溶酶体 - 溶酶体是含有酶的细胞器，负责分解细胞内废弃物和生物大分子。在细胞饥饿状态下，溶酶体通过自噬作用分解细胞内的生物大分子，为细胞提供能量和营养物质。

D: 核糖体 - 核糖体是蛋白质合成的场所，它负责把mRNA翻译成蛋白质。虽然核糖体在蛋白质生物合成中起重要作用，但它不直接参与分解生物大分子。

综上所述，在细胞饥饿状态下，起主要作用的细胞器是溶酶体，因为它负责分解生物大分子以产生营养成分供细胞急需。

C",C,C,,
117,蔬菜和水果长时间储藏、保鲜除了需要适宜的湿度外，还应保持____,低温、高氧,低温、低氧,高温、高氧,高温、低氧,"为了保持蔬菜和水果的新鲜度，我们需要考虑两个方面：一是温度，二是氧气浓度。

首先，考虑温度。蔬菜和水果中的细胞会进行呼吸作用，产生能量。当温度较高时，细胞的呼吸速度会加快，从而导致水果和蔬菜中的营养成分被消耗得更快，使其变质。因此，为了延长蔬菜和水果的保鲜时间，我们需要保持低温环境。所以选项C和D可以排除。

接下来，考虑氧气浓度。蔬菜和水果的细胞在进行呼吸作用时需要消耗氧气。如果氧气浓度较高，呼吸作用会加速，从而导致水果和蔬菜中的营养成分被消耗得更快。另一方面，低氧环境可以减缓微生物的生长，进一步延长蔬菜和水果的保鲜时间。因此，我们需要保持低氧环境。所以选项A也可以排除。

综上所述，为了延长蔬菜和水果的保鲜时间，我们需要保持低温、低氧环境。所以正确答案是：

B",B,B,,
118,以下哪种变化不是在有丝分裂前期完成的：____,核膜消失,着丝点分裂,染色体出现,纺锤体形成,"在有丝分裂的过程中，有丝分裂前期主要完成了以下几个重要的变化：

A: 核膜消失 - 在有丝分裂前期，随着染色体的凝缩，核膜逐渐消失，使得纺锤体可以与染色体接触。
B: 着丝点分裂 - 着丝点是染色体上的一个特殊区域，它与纺锤体纤维连接，帮助染色体分离。在有丝分裂前期，着丝点开始分裂，使得纺锤体纤维可以连接到染色体。
C: 染色体出现 - 在有丝分裂前期，原本线状的染色质逐渐凝缩成染色体，染色体变得更加明显，便于观察。
D: 纺锤体形成 - 纺锤体是由微管组成的细胞骨架结构，它在有丝分裂过程中负责将染色体分离到两个新的细胞。纺锤体的形成主要发生在有丝分裂前期和中期之间，而不是在前期完成。

根据以上分析，我们可以得出正确答案是D选项。
D",D,B,,
119,现有物质的量浓度为m的某溶液，取一定量的该溶液稀释到n，将相同的紫色洋葱鳞片叶外表皮细胞分别浸润在这两种溶液中（该溶液中的溶质不能被细胞吸收），一段时间后在显微镜下观察，发现两种溶液中的细胞都处于质壁分离状态。下列推断错误的是____,该紫色洋葱鳞片叶外表皮细胞的细胞液浓度小于n,相同时间后，浓度为m的溶液中的细胞吸水能力一定大于浓度为n的溶液中的细胞,可通过观察细胞在不同稀释度溶液中的质壁分离程度估算该细胞最初的细胞液浓度,当溶液中细胞原生质体（有活性）的体积不再变化时，说明水分进出细胞达到平衡状态,"首先，我们需要了解质壁分离现象。质壁分离是指细胞内的原生质体收缩离开细胞壁的现象，通常发生在细胞失水时。在这个问题中，两种溶液中的细胞都处于质壁分离状态，说明细胞在失水。

接下来，我们分析各选项：

A: 该紫色洋葱鳞片叶外表皮细胞的细胞液浓度小于n
由于细胞在失水，说明外部溶液的浓度比细胞液的浓度要高，所以细胞液浓度确实小于n。

B: 相同时间后，浓度为m的溶液中的细胞吸水能力一定大于浓度为n的溶液中的细胞
由于浓度为m的溶液比浓度为n的溶液更高，因此m溶液中的细胞失水速度会更快，但这并不能得出浓度为m的溶液中的细胞吸水能力一定大于浓度为n的溶液中的细胞。因为吸水能力取决于细胞的渗透压差异，而不是失水速度。

C: 可通过观察细胞在不同稀释度溶液中的质壁分离程度估算该细胞最初的细胞液浓度
这是正确的，因为在不同浓度的溶液中，细胞的质壁分离程度不同，可以通过观察质壁分离程度来估算细胞最初的细胞液浓度。

D: 当溶液中细胞原生质体（有活性）的体积不再变化时，说明水分进出细胞达到平衡状态
这也是正确的，当原生质体的体积不再变化时，说明细胞内外水分的进出达到了平衡。

综上所述，错误的选项是B。

B",B,B,,
120,关于染色体、DNA和基因三者的关系，下列叙述错误的是____,基因是有遗传效应的DNA片段,染色体主要由DNA和蛋白质组成,染色体是基因的主要载体,一条染色体含有1个DNA分子,"我们来逐个分析每个选项：

A: 基因是有遗传效应的DNA片段。这个说法是正确的，基因是遗传物质DNA上的一个特定区域，它包含了生物体某个特定性状的遗传信息，具有遗传效应。

B: 染色体主要由DNA和蛋白质组成。这个说法也是正确的，染色体是由DNA和组蛋白等蛋白质组成的复合物，DNA通过缠绕在组蛋白上形成紧密的结构，组成染色体。

C: 染色体是基因的主要载体。这个说法同样是正确的，染色体是基因所在的物质基础，基因位于染色体上，通过染色体进行遗传信息的传递。

D: 一条染色体含有1个DNA分子。这个说法是错误的，一条染色体实际上含有多个DNA分子，因为染色体上有很多基因，每个基因对应一个DNA片段。虽然一条染色体的DNA是连续的，但从功能上讲，可以认为它由多个DNA分子组成。

因此，答案是：

D",D,D,,
121,"某双链DNA分子中，G和C之和占全部碱基44％,其中一条链中A占24%，则它的互补链中A占整个DNA分子中碱基的比例是____",32.00%,16.00%,20%,24%,"我们知道，在DNA双链中，A（腺嘌呤）和T（胸腺嘧啶）之间、G（鸟嘌呤）和C（胞嘧啶）之间互相配对，所以A的比例和T的比例相等，G的比例和C的比例相等。

题目已经给出G和C之和占全部碱基44%，那么A和T之和占全部碱基的比例就是100% - 44% = 56%。题目还给出一条链中A占24%，因为A和T的比例相等，所以这条链中T也占24%，那么这条链中G和C的比例之和就是100% - 24% - 24% = 52%。

现在我们需要找到互补链中A占整个DNA分子中碱基的比例。首先，我们知道互补链中A的比例和这条链中T的比例相等，所以互补链中A的比例是24%。然后，由于整个DNA分子中A和T的比例之和是56%，那么整个DNA分子中A的比例就是56% / 2 = 28%。

所以正确答案是：
A: 32.00%",A,A,,
122,下列能提高生物多样性的是____,不同环境的自然选择,把生物进行分类,来自共同祖先的遗传,用进废退,"我们来分析一下每个选项：

A: 不同环境的自然选择 - 生物多样性是指生物体系中物种、基因和生态系统的多样性。自然选择是指在不同环境下，适应性较强的生物更容易生存和繁衍，从而导致物种逐渐演化。自然选择可以使生物体系中的物种适应不同的环境，从而增加生物多样性。

B: 把生物进行分类 - 生物分类是对生物多样性的描述和研究，但它本身并不能提高生物多样性。

C: 来自共同祖先的遗传 - 共同祖先的遗传是生物进化的基础，但它不一定能提高生物多样性。在某种程度上，来自共同祖先的遗传可能导致生物多样性的减少，因为物种之间的遗传差异较小。

D: 用进废退 - 用进废退是指在生物进化过程中，一些功能逐渐退化或消失。这个过程可能导致生物多样性的减少，因为物种之间的差异可能变得更小。

综合以上分析，提高生物多样性的选项是自然选择作用于不同环境。

A",A,A,,
123,要判断某一个体是不是纯合体，最常用的方法是____,让其与杂合体交配,让其与纯合体交配,让其与隐性,交配,"我们来分析一下这个问题。首先，纯合体是指在同一基因座的两个等位基因相同的个体，例如AA或aa。而杂合体是指在同一基因座的两个等位基因不相同的个体，例如Aa。

现在我们要判断某一个体是不是纯合体。我们可以通过观察其后代的表现型来推断。

A选项：让其与杂合体交配。假设这个个体是纯合体AA，与杂合体Aa交配，后代的基因型会是AA和Aa。如果这个个体是纯合体aa，与杂合体Aa交配，后代的基因型会是Aa和aa。因此，如果与杂合体交配后的后代表现出两种表现型，那么这个个体可能是纯合体。这个方法是有效的。

B选项：让其与纯合体交配。这个方法并不可靠，因为无论待测个体是纯合体还是杂合体，与纯合体交配后的后代表现型都可能是一致的。

C选项：让其与隐性。这个选项不完整，缺少交配对象的信息。

D选项：交配。这个选项没有提供足够的信息来判断一个体是不是纯合体。

综上所述，最常用的方法是让待测个体与杂合体交配，通过观察后代的表现型来判断该个体是否为纯合体。

A",A,D,,
124,科学家通过基因工程的方法，能使大肠杆菌产生人的胰岛素。以下叙述中，错误的是____,大肠杆菌常不能表达出具有生物活性的胰岛素,目的基因导入受体细胞后不一定能表达,DNA连接酶和限制性核酸内切酶都是构建重组质粒必需的工具酶,不同的限制性核酸内切酶处理目的基因和质粒产生的黏性末端一定不能互补配对,"我们来分析一下每个选项：

A: 大肠杆菌常不能表达出具有生物活性的胰岛素。这个说法是错误的，因为通过基因工程技术，科学家已经成功地使大肠杆菌表达出具有生物活性的胰岛素。

B: 目的基因导入受体细胞后不一定能表达。这个说法是正确的，因为即使目的基因成功地导入受体细胞，但由于多种原因（例如基因调控、mRNA加工等），目的基因可能无法正常表达。

C: DNA连接酶和限制性核酸内切酶都是构建重组质粒必需的工具酶。这个说法是正确的，因为DNA连接酶用于将目的基因与质粒连接在一起，而限制性核酸内切酶用于切割目的基因和质粒，使它们产生可以互相配对的末端。

D: 不同的限制性核酸内切酶处理目的基因和质粒产生的黏性末端一定不能互补配对。这个说法是错误的，因为不同的限制性核酸内切酶处理目的基因和质粒产生的黏性末端有时可以互补配对。如果两个限制性核酸内切酶识别并切割相同的核酸序列，那么它们产生的黏性末端可以互补配对。

根据题目要求，我们需要找到错误的选项，因此正确答案是：

A",A,D,,
125,测蜜蜂（2n=32)和豌豆（2n=14)的基因组应分别测的染色体条数是____,17   7,16   7,17   8,16   8,"这道题目考察的是染色体和基因组的概念。在这里，我们需要知道蜜蜂和豌豆的染色体数目分别是2n=32和2n=14。

首先，我们要知道基因组是指一个生物体的所有遗传信息，包括DNA序列、基因和染色体等。在测定基因组时，我们需要测定所有的染色体，而不是一半。因为2n表示的是一个生物体的染色体数目，所以我们需要测定的染色体条数就是2n的值。

根据题目给出的蜜蜂和豌豆的染色体数目，我们可以得出需要测定的染色体条数分别是32和14。

所以正确答案是：

B",B,A,,
126,下列关于细胞全能性的叙述，错误的是____,植物的成熟体细胞比动物的成熟体细胞更容易实现全能性,利用离体植物细胞培育植株的原理是植物细胞的全能性,一般来说细胞分化程度越高，它的全能性就越低,利用花粉培育成的植株往往高度不育，说明花粉细胞不具有全能性,"我们来分析一下每个选项：

A: 植物的成熟体细胞比动物的成熟体细胞更容易实现全能性。
这个选项是正确的。植物细胞具有较强的全能性，成熟的植物细胞在适当的条件下可以重新获得全能性并再生为整个植株。而动物细胞的全能性在分化过程中会逐渐丧失，成熟体细胞的全能性较低。

B: 利用离体植物细胞培育植株的原理是植物细胞的全能性。
这个选项也是正确的。离体培养是通过切取植物组织或细胞，在无菌条件下进行人工培养的方法。离体培养的原理正是利用了植物细胞的全能性，使植物细胞在适当的条件下重新获得全能性，分化出不同类型的细胞，最后发育成完整的植株。

C: 一般来说细胞分化程度越高，它的全能性就越低。
这个选项也是正确的。在细胞发育过程中，细胞会逐渐分化为不同类型的细胞，以执行特定的功能。随着细胞分化程度的提高，它们的全能性会逐渐降低。例如，动物的干细胞具有较高的全能性，而成熟的体细胞全能性较低。

D: 利用花粉培育成的植株往往高度不育，说明花粉细胞不具有全能性。
这个选项是错误的。花粉培育成的植株往往高度不育，但这并不意味着花粉细胞不具有全能性。实际上，花粉是植物雄性生殖细胞，它在受精后可以分化为胚乳和胚胎。花粉培育成的植株高度不育可能是因为遗传因素或者培育过程中的其他原因，而非花粉细胞不具有全能性。

因此，正确答案是：
D",D,D,,
127,艾滋病毒属RNA病毒，具有逆转录酶，如果它决定某性状的一段RNA含碱基A 19%，C 26%，G 32%，则通过逆转录过程形成的双链DNA含碱基A的比例是____,19.00%,21.00%,23.00%,20%,"首先，我们需要了解RNA病毒的逆转录过程。逆转录酶可以将RNA模板转录成DNA，具体来说，就是将RNA中的碱基配对成相应的DNA碱基。

在这个题目中，我们知道艾滋病毒的一段RNA含有碱基A 19%，C 26%，G 32%，因为RNA中的碱基和DNA中的碱基是配对的，所以我们可以推算出RNA中的碱基U的比例，因为A + C + G + U = 100%，所以U的比例为100% - 19% - 26% - 32% = 23%。

逆转录过程中，RNA的碱基A会和DNA的碱基T配对，而RNA的碱基U会和DNA的碱基A配对。所以，在双链DNA中，含有碱基A的比例应该等于RNA中碱基U的比例。

因此，双链DNA含碱基A的比例是23%。

C",C,D,,
128,"将全部DNA分子双链经$^{32}P$标记的雄性动物细胞（染色体数2N）置于不含$^{32}P$培养基中培养,经过连续两次细胞分裂后产生4个子细胞,检测子细胞中染色体含$^{32}P$的情况。下列推断正确的是____","若只进行有丝分裂,则含$^{32}P$染色体的子细胞比例一定为1/2",若进行减数分裂，则所有子细胞都一定含$^{32}P$的染色体,若子细胞中的所有染色体都含$^{32}P$，则一定进行有丝分裂,若子细胞中的染色体不都含$^{32}P$，则一定进行减数分裂,"我们需要分析这道题中有丝分裂和减数分裂两种情况下，子细胞中染色体含$^{32}P$的情况。

首先考虑有丝分裂的情况：在第一次细胞分裂时，含有$^{32}P$标记的DNA双链会在复制过程中生成一个新的未标记的DNA链，形成两个半保留的染色体。经过一次有丝分裂后，两个子细胞都含有$^{32}P$的染色体。接下来，两个子细胞再进行一次有丝分裂，每个子细胞都会生成两个新的子细胞。此时，四个子细胞中，两个含有$^{32}P$的染色体，两个不含。所以，有丝分裂情况下，含$^{32}P$染色体的子细胞比例为1/2。所以选项A是正确的。

接下来考虑减数分裂的情况：在第一次减数分裂时（即减数分裂的第一次分裂），同样会生成两个含有$^{32}P$的染色体。然后在第二次减数分裂（即减数分裂的第二次分裂）时，两个含有$^{32}P$的染色体又会分别分裂成两个新的子细胞。最终，四个子细胞中，每个都会含有$^{32}P$的染色体。所以，选项B是错误的。

选项C和D可以通过排除法得出。由于在有丝分裂的情况下，我们已经知道子细胞中有一半含有$^{32}P$的染色体，而另一半不含，所以C选项是错误的。同时，由于在减数分裂的情况下，所有子细胞都含有$^{32}P$的染色体，所以D选项也是错误的。

综上所述，正确答案是：

A",A,C,,
129,下列关于实验的操作及显色结果的叙述，错误的是____,观察菠菜叶肉细胞的叶绿体时，无需染色,在常温条件下，吡罗红可以使RNA呈现红色,观察DNA和RNA在细胞中的分布实验需要加热,观察活细胞的线粒体可以用甲基绿染液染色,"我们可以逐一分析每个选项：

A: 观察菠菜叶肉细胞的叶绿体时，无需染色。这个叙述是正确的，因为叶绿体含有叶绿素，本身就呈绿色，所以观察时无需染色。

B: 在常温条件下，吡罗红可以使RNA呈现红色。这个叙述也是正确的，吡罗红是一种常用的核酸染料，可以与RNA结合，使其呈现红色。

C: 观察DNA和RNA在细胞中的分布实验需要加热。这个叙述是错误的。通常情况下，观察DNA和RNA在细胞中的分布实验不需要加热，而是通过荧光染料（例如DAPI或SYBR Green）结合核酸进行标记，然后通过荧光显微镜进行观察。

D: 观察活细胞的线粒体可以用甲基绿染液染色。这个叙述是正确的。甲基绿是一种常用的染料，可以与线粒体中的DNA结合，使线粒体呈绿色，便于观察。

综合以上分析，错误的叙述是选项C。

C",C,D,,
130,长期在夜间摄入过多营养物质，更容易引起肥胖，主要是因为这种生活习惯会导致____,胰高血糖素长期偏高,胰岛素长期偏高,胰高血糖素长期不变,胰岛素长期不变,"我们来分析一下这个问题。夜间摄入过多营养物质，容易导致肥胖。我们知道，胰岛素和胰高血糖素是调节血糖的两种激素。胰岛素的作用是降低血糖，促使血糖进入细胞内进行代谢。而胰高血糖素的作用是提高血糖，促使肝脏将糖原分解为葡萄糖，释放到血液中。

夜间摄入过多营养物质，主要是摄入了过多的糖类和脂肪。这时候，人体需要降低血糖，将过多的糖类和脂肪储存起来。因此，胰岛素的分泌会增加，以降低血糖并促使脂肪和糖类储存。而胰高血糖素的作用是提高血糖，与胰岛素的作用相反。所以，长期夜间摄入过多营养物质，更容易导致胰岛素长期偏高，从而引起肥胖。

因此，答案是：
B",B,B,,
131,能降低血糖浓度的激素是____,胰高血糖素,肾上腺素,甲状腺激素,胰岛素,"我们来分析一下每个选项：

A: 胰高血糖素 - 这是一种能够增加血糖浓度的激素，当血糖浓度降低时，胰高血糖素会刺激肝细胞将肝糖原分解为葡萄糖，从而使血糖浓度升高。

B: 肾上腺素 - 这是一种应激激素，它在应对紧张、恐惧、刺激等情况下起作用。肾上腺素可以促使肝脏分解肝糖原，将其转化为葡萄糖，并释放到血液中。因此，它会使血糖浓度升高。

C: 甲状腺激素 - 甲状腺激素主要作用于新陈代谢，通过增加基础代谢率来促进生长和发育。它对血糖浓度的影响不是直接的。

D: 胰岛素 - 胰岛素是一种降低血糖浓度的激素。当血糖浓度升高时，胰岛素会促使肌肉、脂肪等组织对葡萄糖的摄取和利用，从而降低血糖浓度。

根据以上分析，我们可以得出正确答案。

D",D,D,,
132,"育种是通过创造遗传变异、改良遗传特性,以培育优良动植物新品种的一项技术。下列相关叙述，错误的是____","培育转基因动物可采用基因工程育种,而不采用杂交育种",培育具有多种优良性状的植物，可先进行杂交再进行单倍体育种,培育新品种不涉及生物进化，也不会导致种群的基因频率改变,"若培育的无子果实无外源激素的影响,则育种原理可能是染色体变异","我们来分析一下每个选项：

A: 培育转基因动物可采用基因工程育种，而不采用杂交育种。这个选项是正确的，因为转基因动物是通过基因工程技术将目标基因导入到受体动物的基因组中，使其表达特定的性状。这种方法与杂交育种不同，杂交育种是通过将不同品种的动植物杂交，使其后代获得双亲的优良性状。

B: 培育具有多种优良性状的植物，可先进行杂交再进行单倍体育种。这个选项也是正确的。杂交可以将不同品种的优良性状组合在一起，但杂交后代可能存在多个不同的基因型。单倍体育种是将杂交后代的染色体数目减半，使得遗传信息更加单一，从而更容易筛选出具有多种优良性状的植物。

C: 培育新品种不涉及生物进化，也不会导致种群的基因频率改变。这个选项是错误的。培育新品种过程中，育种师会选择具有优良性状的个体进行繁殖。这种选择性繁殖实际上是人为地改变了基因频率，从而使得新品种具有更好的性状。这个过程与自然选择相似，属于生物进化的范畴。

D: 若培育的无子果实无外源激素的影响，则育种原理可能是染色体变异。这个选项是正确的。无子果实的形成可能是由于染色体变异导致的雄性不育，从而使得植物不能通过正常的受粉结实过程形成种子。这种情况下，无子果实的形成不是由外源激素引起的。

综上所述，错误的选项是：

C",C,C,,
133,人的性别决定发生在____,胎儿出生时,胎儿发育时,受精卵形成时,受精卵卵裂时,"人的性别决定取决于染色体的组合。正常情况下，人类有23对染色体，其中有一对是性染色体。男性的性染色体组合是XY，女性的性染色体组合是XX。当精子和卵子结合形成受精卵时，性别已经确定。精子携带的是X或Y染色体，卵子携带的是X染色体。因此，受精卵的性别取决于精子中携带的性染色体。

A: 胎儿出生时 - 错误。性别在出生前就已经确定。
B: 胎儿发育时 - 错误。性别在胎儿发育的过程中并未改变。
C: 受精卵形成时 - 正确。受精卵在形成时，精子和卵子的性染色体结合，决定了性别。
D: 受精卵卵裂时 - 错误。卵裂是受精卵进行细胞分裂的过程，性别在此之前已经确定。

根据以上分析，正确答案是：
C",C,C,,
134,在家兔体内，哪些细胞内的DNA含量与体细胞内相同____,初级精母细胞和次级精母细胞,次级精母细胞和精原细胞,卵原细胞和初级卵母细胞,次级卵母细胞和精细胞,"在家兔体内，我们需要找到那些细胞内的DNA含量与体细胞内相同。首先，我们需要知道体细胞的DNA含量。在家兔体内，体细胞的DNA含量为2n，也就是说，每个染色体都有一对同源染色体。

现在我们来分析每个选项：

A: 初级精母细胞和次级精母细胞
初级精母细胞在减数分裂第一次分裂前的DNA含量为4n，次级精母细胞在减数分裂第二次分裂前的DNA含量为2n。这个选项不符合题目要求。

B: 次级精母细胞和精原细胞
次级精母细胞在减数分裂第二次分裂前的DNA含量为2n，精原细胞的DNA含量为2n。这个选项符合题目要求。

C: 卵原细胞和初级卵母细胞
卵原细胞的DNA含量为2n，初级卵母细胞在减数分裂第一次分裂前的DNA含量为4n。这个选项不符合题目要求。

D: 次级卵母细胞和精细胞
次级卵母细胞在减数分裂第二次分裂前的DNA含量为2n，精细胞的DNA含量为n。这个选项不符合题目要求。

综上所述，只有选项B中的次级精母细胞和精原细胞的DNA含量与体细胞内相同。

B",B,D,,
135,与正常细胞相比，癌细胞：____,不再分裂,呼吸作用降低,可以无限增殖,水分减少,"我们来分析一下这道题目的选项：

A: 不再分裂 - 不正确。癌细胞的一个显著特点是失去对细胞分裂的正常调控，导致快速、无序地进行细胞分裂。

B: 呼吸作用降低 - 不正确。癌细胞的代谢方式可能发生改变，例如从有氧呼吸转为无氧的乳酸发酵（即Warburg效应），但这并不意味着呼吸作用降低。实际上，为了支持快速的细胞增殖，癌细胞可能需要更多的能量，因此它们的代谢速率可能会增加。

C: 可以无限增殖 - 正确。正常细胞在分裂一定次数后会进入衰老状态，最终死亡。这是由于细胞在每次分裂时，染色体末端的端粒会缩短。当端粒缩短到一定程度时，细胞就不再分裂。然而，癌细胞可以通过激活端粒酶来保持端粒长度，从而实现无限增殖。

D: 水分减少 - 不正确。癌细胞与正常细胞之间的水分含量没有明显差异。

根据以上分析，正确答案是：

C",C,C,,
136,"某种植物的花色有红色、白色和紫色三种，受两对等位基因的控制;某紫花植株自交,后代植株中出现三种花色,且紫花：红花:白花= 9:3:4。下列相关叙述,错误的是____",题述两对等位基因的遗传遵循基因的分离定律和自由组合定律,题述后代紫花、红花和白花植株的基因型分别有4种、2种3种,红花植株与白花植株的杂交后代不可能全为紫花植株,红花植株或白花植株的自交后代不会出现紫花植株,"根据题目，我们已知有两对等位基因控制花色，分别用A、a和B、b表示。紫花需要A和B至少各有一个，红花需要A至少有一个，而白花需要a和b各有两个。下面我们分析每个选项。

A选项: 遗传遵循基因的分离定律和自由组合定律。这是正确的，因为在杂交过程中，两对等位基因是独立分离和组合的。

B选项: 后代紫花、红花和白花植株的基因型分别有4种、2种3种。我们可以列举出可能的基因型：
紫花：AABB、AABb、AAbb、AaBB、AaBb、Aabb、aaBB、aaBb（共8种，而非4种）
红花：AAbb、Aabb（共2种，与选项相符）
白花：aabb（共1种，而非3种）
所以B选项是错误的。

C选项: 红花植株与白花植株的杂交后代不可能全为紫花植株。红花植株的基因型为AAbb或Aabb，白花植株的基因型为aabb。当红花和白花杂交时，他们的后代基因型为AaBb（紫花）。所以C选项是正确的。

D选项: 红花植株或白花植株的自交后代不会出现紫花植株。红花植株自交后代的基因型为AABB、AABb、AAbb，其中AABB和AABb都是紫花植株。白花植株自交后代的基因型为aabb，确实不会出现紫花植株。所以D选项是正确的。

综上所述，错误的选项是B。

B",B,B,,
137,在下列果蝇的杂交组合中，通过眼色（红眼对白眼为显）即可直接判断子代果蝇性别的是____,杂合红眼雌果蝇×红眼雄果蝇,白眼雌果蝇×红眼雄果蝇,杂合红眼雌果蝇×白眼雄果蝇,白眼雌果蝇×白眼雄果蝇,"这道题目是关于果蝇遗传学的问题。果蝇的眼色性状是由一对隐性与显性等位基因控制的，其中红眼是显性（R），白眼是隐性（r）。果蝇的性别是由性染色体决定的，雌性果蝇有两个X染色体，雄性果蝇有一个X染色体和一个Y染色体。

我们需要找到一个杂交组合，通过眼色就可以直接判断子代果蝇的性别。下面我们来分析每个选项：

A: 杂合红眼雌果蝇（Rr）×红眼雄果蝇（Ry）：
杂交后子代可能的组合有：RR(雌)、Rr(雌)、Ry(雄)、ry(雄)。无论是红眼还是白眼，都可能是雌性或雄性，所以不能通过眼色直接判断性别。

B: 白眼雌果蝇（rr）×红眼雄果蝇（Ry）：
杂交后子代可能的组合有：Rr(雌)、ry(雄)。红眼一定是雌性，白眼一定是雄性，所以可以通过眼色直接判断性别。

C: 杂合红眼雌果蝇（Rr）×白眼雄果蝇（ry）：
杂交后子代可能的组合有：Rr(雌)、rr(雌)、Ry(雄)、ry(雄)。无论是红眼还是白眼，都可能是雌性或雄性，所以不能通过眼色直接判断性别。

D: 白眼雌果蝇（rr）×白眼雄果蝇（ry）：
杂交后子代可能的组合有：rr(雌)、ry(雄)。虽然红眼一定是雌性，白眼一定是雄性，但这个组合的子代都是白眼，所以不能通过眼色直接判断性别。

综上所述，正确答案是 B。",B,B,,
138,关于高等哺乳动物细胞分裂的叙述，正确的是____,细胞分裂的各时期都存在染色单体,细胞分裂形成的子细胞不一定具有细胞周期,细胞分裂过程中染色体数目和DNA数目的变化同步,有丝分裂和减数分裂各时期的细胞中都存在同源染色体,"我们来分析一下每个选项：

A: 细胞分裂的各时期都存在染色单体
在有丝分裂和减数分裂的过程中，染色体会在某些阶段以染色单体的形式存在。然而，在有丝分裂的前期和减数分裂的第一次分裂的前期，染色体已经复制形成染色体对，此时并不存在染色单体。所以，A选项不正确。

B: 细胞分裂形成的子细胞不一定具有细胞周期
细胞分裂后形成的子细胞通常都具有细胞周期。子细胞会根据需要进行生长、复制染色体、细胞器和进行分裂。因此，B选项不正确。

C: 细胞分裂过程中染色体数目和DNA数目的变化同步
细胞分裂的过程中，染色体数目并不总是与DNA数目的变化同步。在有丝分裂的S期和减数分裂的第一次分裂的前期，染色体复制后，染色体数目不变，而DNA数目加倍。因此，C选项不正确。

D: 有丝分裂和减数分裂各时期的细胞中都存在同源染色体
同源染色体是指具有相同基因序列和形状的染色体。有丝分裂和减数分裂的各个阶段中，同源染色体都存在。在有丝分裂中，同源染色体分别来自母细胞，在减数分裂中，同源染色体分别来自父母亲。因此，D选项正确。

D",D,B,,
139,在生态系统中，碳元素参与物质循环的主要形式是____,二氧化碳,碳酸盐,碳酸,有机物,"在生态系统中，碳元素以不同的形式参与物质循环。我们分析一下每个选项：

A: 二氧化碳 - 是大气中碳的主要形式，植物通过光合作用吸收二氧化碳，将碳元素固定为有机物。

B: 碳酸盐 - 是地壳中碳的主要形式，主要存在于石灰岩、大理石等地质构造中。虽然也是碳循环的一部分，但在生态系统中的作用较小。

C: 碳酸 - 是酸雨中碳的主要形式。然而，它在生态系统中的作用有限，对碳循环的贡献相对较小。

D: 有机物 - 生物体中碳的主要形式。有机物在生态系统中通过食物链传递，经过生物降解后释放二氧化碳，完成碳循环。

综合以上分析，我们可以得出，在生态系统中，碳元素参与物质循环的主要形式是二氧化碳，因为它在光合作用、生物降解等过程中起到关键作用。

A",A,D,,
140,"对除去顶芽的植物侧芽施加浓度为a生长素，生长出果实的时间为10天，当保留顶芽时，再施加浓度为a的生长素，侧芽生长出果实的时间为____
①6天②8天③12天④14天",①②,③④,①③,②④,"在这道题目中，我们需要考虑的是顶芽对侧芽生长的影响。顶芽可以产生生长素，而生长素在植物体内的分布是存在梯度的，从顶部向下逐渐减少。由于生长素会抑制侧芽的生长，所以顶芽被除去后，侧芽生长受到的抑制减少，生长速度加快。

题目给出了当除去顶芽时，施加浓度为a的生长素，侧芽生长出果实的时间为10天。当保留顶芽时，再施加浓度为a的生长素，由于顶芽的存在，侧芽生长受到更多的生长素抑制，因此侧芽生长出果实的时间会变长。

根据这个分析，保留顶芽时，侧芽生长出果实的时间会大于10天。所以正确答案应该是选项中大于10天的选项。

B",B,D,,
141,高尔基体膜上的RS受体特异性识别并结合含有短肽序列RS的蛋白质，以出芽的方式形成囊泡，通过囊泡运输的方式将错误转运到高尔基体的该类蛋白运回内质网并释放。RS受体与蛋白质的结合能力随pH升高而减弱。下列说法错误的是____,消化酶、胰岛素和抗体不属于该类蛋白,错误转运到高尔基体的该类蛋白运回内质网的过程需要消耗能量,高尔基体内RS受体所在区域的pH比内质网的pH高,RS受体的功能缺失可能会使高尔基体内含RS的蛋白含量增加,"首先我们来分析一下每个选项：

A: 消化酶、胰岛素和抗体不属于该类蛋白。这个选项是正确的。因为消化酶、胰岛素和抗体不属于含有短肽序列RS的蛋白质。

B: 错误转运到高尔基体的该类蛋白运回内质网的过程需要消耗能量。这个选项也是正确的。囊泡运输是一个主动过程，需要消耗能量。

C: 高尔基体内RS受体所在区域的pH比内质网的pH高。这个选项是错误的。实际上，高尔基体内RS受体所在区域的pH比内质网的pH低，这样有利于RS受体与蛋白质的结合。

D: RS受体的功能缺失可能会使高尔基体内含RS的蛋白含量增加。这个选项是正确的。如果RS受体功能缺失，那么错误转运到高尔基体的含RS的蛋白质将无法返回内质网，从而导致高尔基体内含RS的蛋白含量增加。

综上，错误的选项是C。

C",C,C,,
142,广告语“聪明的妈妈会用心(锌)”道出了锌的重要性，研究发现生物体内有七十多种酶的活性与Zn2+有关，这说明无机____,对维持酸碱平衡有重要作用,对维持细胞形态有重要作用,对维持生物体的生命活动有重要作用,对调节细胞内液的浓度有重要作用,"首先，我们来分析一下每个选项。

A: 对维持酸碱平衡有重要作用。酸碱平衡主要与体液的酸碱度有关，与锌离子的作用关系不大，所以这个选项不正确。

B: 对维持细胞形态有重要作用。虽然锌离子对细胞有一定的影响，但这里提到的是锌离子对酶活性的重要作用，所以这个选项也不正确。

C: 对维持生物体的生命活动有重要作用。酶是生物体进行各种生命活动的催化剂，锌离子对许多酶的活性有重要作用，因此这个选项是正确的。

D: 对调节细胞内液的浓度有重要作用。虽然锌离子在生物体内有调节作用，但这个选项并没有突出锌离子对酶活性的重要性，所以这个选项也不正确。

综合以上分析，正确答案是：

C",C,C,,
143,B淋巴细胞分化形成浆细胞和记忆B淋巴细胞，他们相同的是____,细胞形态相同,蛋白质相同,遗传物质相同,mRNA相同,"首先，我们需要了解浆细胞和记忆B淋巴细胞的基本特点。

浆细胞：B淋巴细胞在遇到抗原刺激后，会分化成浆细胞。浆细胞主要功能是产生和分泌抗体，以应对外来抗原。

记忆B淋巴细胞：B淋巴细胞在遇到抗原刺激后，也会分化成记忆B淋巴细胞。记忆B淋巴细胞的主要功能是在再次遇到相同抗原时，迅速被激活并分化为浆细胞，产生抗体。

接下来，我们分析每个选项的正确性。

A: 细胞形态相同 - 浆细胞和记忆B淋巴细胞在形态上有所差异，浆细胞具有丰富的内质网和高尔基体，以支持大量抗体的合成和分泌。因此，这个选项是错误的。

B: 蛋白质相同 - 浆细胞和记忆B淋巴细胞在蛋白质表达上有所不同。例如，浆细胞会表达大量的抗体，而记忆B淋巴细胞不会。因此，这个选项是错误的。

C: 遗传物质相同 - 浆细胞和记忆B淋巴细胞都来源于B淋巴细胞，它们的遗传物质（DNA）相同。因此，这个选项是正确的。

D: mRNA相同 - 虽然浆细胞和记忆B淋巴细胞的遗传物质相同，但它们的mRNA表达不同，因为它们的功能不同。因此，这个选项是错误的。

综上所述，答案是C: 遗传物质相同。

C",C,C,,
144,"用若干基因型为Aa的棉铃虫进行自由交配，获得大量子代。用某种杀虫剂处理该棉铃虫的子代种群,发现基因型为AA、Aa、aa的个体分别被淘汰掉80%、40％、20%。下列叙述正确的是____",杀虫剂对棉铃虫发挥选择作用，并会诱发棉铃虫的突变,杀虫剂的使用使棉铃虫Aa的基因型降低,淘汰后棉铃虫A的基因频率为36.4％,继续使用该杀虫剂，棉铃虫的死亡率云逐代增加,"我们先分析每个选项的合理性。

A: 杀虫剂对棉铃虫发挥选择作用，并会诱发棉铃虫的突变
杀虫剂确实对棉铃虫发挥了选择作用，但它并不能诱发突变。突变是由遗传物质的改变引起的，与杀虫剂的作用无关。因此，选项A不正确。

B: 杀虫剂的使用使棉铃虫Aa的基因型降低
我们可以通过计算淘汰后的基因型频率来验证这个选项。首先，我们需要知道初始的基因型频率。由题意可知，初始时Aa的基因型频率为0.5（因为两个Aa交配，产生的子代基因型频率为AA：Aa：aa=1:2:1，所以Aa的频率为0.5）。在杀虫剂处理后，Aa基因型的个体被淘汰了40%，所以剩下的Aa个体数量为0.5 * (1 - 0.4) = 0.3。这说明Aa基因型的频率降低了，选项B是正确的。

C: 淘汰后棉铃虫A的基因频率为36.4％
我们需要计算淘汰后A和a的基因频率。初始时A的基因频率为0.5（由Aa的基因型可以知道，A和a的基因频率相等）。淘汰后AA、Aa和aa的基因型频率分别为0.2、0.3和0.8。淘汰后A的基因频率为AA频率的2倍加上Aa频率，即2 * 0.2 + 0.3 = 0.7，a的基因频率为1 - 0.7 = 0.3。因此，选项C不正确。

D: 继续使用该杀虫剂，棉铃虫的死亡率云逐代增加
这个选项的正确性取决于是否存在抗药性的逐代增强现象。然而，根据题目给出的信息，我们无法得出这个结论。因此，选项D不正确。

综上所述，正确答案是：

B",B,C,,
145,有关真核细胞分裂的叙述，正确的是____,无丝分裂过程中不会出现纺锤丝和染色体的变化,动物细胞仅以有丝分裂方式进行增殖,无丝分裂过程核膜消失,无丝分裂仅出现于高等生物的衰老细胞,"我们首先分析每个选项的正确性：

A: 无丝分裂过程中不会出现纺锤丝和染色体的变化
这个选项是错误的。无丝分裂（Amitosis）是一种细胞分裂的方式，过程中核内的染色质均匀分散，然后直接分裂成两个子细胞，无需形成纺锤丝。但是染色体在无丝分裂过程中仍然会有变化。

B: 动物细胞仅以有丝分裂方式进行增殖
这个选项是正确的。动物细胞通过有丝分裂（Mitosis）进行增殖。在有丝分裂过程中，细胞的核内染色体会被复制并通过纺锤丝的作用平均分配到两个新形成的细胞中。这样，每个新细胞都会有一套与原细胞相同的染色体。

C: 无丝分裂过程核膜消失
这个选项是错误的。在无丝分裂过程中，核膜不会消失。核膜在有丝分裂过程中会消失，以便纺锤丝可以与染色体相互作用并将染色体分配到新形成的细胞中。

D: 无丝分裂仅出现于高等生物的衰老细胞
这个选项是错误的。无丝分裂在高等生物的某些细胞类型中可能会出现，但并非仅限于衰老细胞。此外，许多低等生物（如某些原生生物）的细胞分裂也可以通过无丝分裂进行。

综上所述，正确答案是：

B",B,A,,
146,青蒿素是目前治疗疟疾的首选药物，是从黄花蒿茎叶中提取的无色针状晶体，可用有机溶剂（乙醚）进行提取。它的抗疟机理主要是其活化产生的自由基可破坏疟原虫的生物膜结构。以下说法错误的是____,青蒿素属于脂溶性物质,青蒿素可以破坏疟原虫细胞的完整性,青蒿素可破坏疟原虫的细胞膜、核膜和细胞器膜,青蒿素不会影响疟原虫线粒体的功能,"我们可以逐个选项进行分析：

A: 青蒿素属于脂溶性物质。这个选项是正确的，因为青蒿素可以用有机溶剂（乙醚）进行提取，说明它是脂溶性物质。

B: 青蒿素可以破坏疟原虫细胞的完整性。这个选项也是正确的，因为青蒿素的抗疟机理主要是其活化产生的自由基可以破坏疟原虫的生物膜结构，从而影响疟原虫细胞的完整性。

C: 青蒿素可破坏疟原虫的细胞膜、核膜和细胞器膜。这个选项同样是正确的，因为青蒿素可以破坏疟原虫的生物膜结构，这包括细胞膜、核膜和细胞器膜。

D: 青蒿素不会影响疟原虫线粒体的功能。这个选项是错误的，因为线粒体的功能与线粒体的膜结构密切相关，青蒿素破坏疟原虫的生物膜结构，可能会影响到线粒体的功能。

综上所述，正确答案是：

D",D,D,,
147,研究发现，人体细胞的细胞质基质中$Ca^{2+}$浓度要比内质网和内环境中$Ca^{2+}$浓度低很多。当内质网中$Ca^{2+}$浓度过高时，$Ca^{2+}$诱导内质网膜上的某种蛋白质由二聚体聚合为四聚体，这种四聚体中会出现$Ca^{2+}$通道，$Ca^{2+}$经$Ca^{2+}$通道外流至细胞质基质，当内质网中$Ca^{2+}$浓度恢复正常时，四聚体又会变为二聚体，$Ca^{2+}$通道消失。下列叙述错误的是____,内质网中$Ca^{2+}$浓度维持相对稳定的调节方式中有负反馈调节,$Ca^{2+}$运出细胞和$Ca^{2+}$进入内质网均属于消耗能量的跨膜运输,内质网膜上$Ca^{2+}$通道的数量受该膜两侧$Ca^{2+}$浓度差的影响,某人出汗后常出现抽搐现象，可能是血$Ca^{2+}$浓度过高所致,"我们可以逐个分析每个选项：

A: 内质网中$Ca^{2+}$浓度维持相对稳定的调节方式中有负反馈调节
这个选项是正确的，因为当内质网中$Ca^{2+}$浓度过高时，$Ca^{2+}$通过通道外流至细胞质基质，当内质网中$Ca^{2+}$浓度恢复正常时，$Ca^{2+}$通道消失。这是一个典型的负反馈调节过程。

B: $Ca^{2+}$运出细胞和$Ca^{2+}$进入内质网均属于消耗能量的跨膜运输
这个选项是正确的，因为$Ca^{2+}$是一个带有正电荷的离子，要跨越细胞膜和内质网膜，需要消耗能量来进行主动运输。

C: 内质网膜上$Ca^{2+}$通道的数量受该膜两侧$Ca^{2+}$浓度差的影响
这个选项是正确的，因为当内质网中$Ca^{2+}$浓度过高时，会诱导膜上的蛋白质聚合为四聚体，形成$Ca^{2+}$通道。当内质网中$Ca^{2+}$浓度恢复正常时，四聚体又会变为二聚体，$Ca^{2+}$通道消失。这说明通道的数量受到两侧$Ca^{2+}$浓度差的影响。

D: 某人出汗后常出现抽搐现象，可能是血$Ca^{2+}$浓度过高所致
这个选项是错误的，因为出汗后出现抽搐现象更可能是由于血$Ca^{2+}$浓度过低，而非过高。血$Ca^{2+}$浓度过低可能导致神经肌肉兴奋性增高，从而引发抽搐现象。

综上所述，正确答案是：

D",D,D,,
148,向冷却的糯米饭上倒酵母菌的酒曲，盖上盖子并戳几个小孔，放置5天后产生大量水，10天后产生酒精，期间的过程是____,有氧,无氧,先有氧后无氧,先无氧后有氧,"在这个题目中，我们需要分析糯米饭发酵的过程，以确定在发酵过程中氧气的作用。

首先，向冷却的糯米饭上倒酵母菌的酒曲，酵母菌开始分解糯米饭中的淀粉，将其转化为糖分。这一过程是有氧的，因为酵母菌需要氧气来进行代谢活动。

然后，盖上盖子并戳几个小孔。这样做的目的是限制氧气进入容器内，同时允许二氧化碳和其他气体逸出。在这个阶段，酵母菌逐渐耗尽了容器内的氧气，开始进行厌氧呼吸。厌氧呼吸的一个副产物是酒精，因此在10天后，糯米饭中产生了酒精。

根据以上分析，我们可以得出结论：糯米饭发酵的过程是先有氧后无氧。因此，正确答案是：

C",C,D,,
149,蒸腾作用的强弱通常不会直接影响植物的：____,矿质元素的运输,矿质元素的吸收,水的运输,体内水份散失的量,"蒸腾作用是指植物体内的水分通过气孔散失到大气中的过程。蒸腾作用的强弱会影响植物的水分运输和散失。我们来分析一下各个选项：

A: 矿质元素的运输 - 蒸腾作用会促使植物体内的水分上升，从而带动矿质元素的运输，所以蒸腾作用的强弱会影响矿质元素的运输。

B: 矿质元素的吸收 - 矿质元素的吸收主要依赖于植物根部的吸收能力，而蒸腾作用的强弱对根部的吸收能力没有直接影响。所以这个选项有可能是正确答案。

C: 水的运输 - 如前所述，蒸腾作用会促使植物体内的水分上升，从而影响水的运输。所以蒸腾作用的强弱会影响水的运输。

D: 体内水份散失的量 - 蒸腾作用本身就是植物体内水分散失的过程，所以蒸腾作用的强弱肯定会影响体内水份散失的量。

综合分析以上选项，我们可以得出正确答案是：

B",B,B,,
150,用高倍显微镜观察洋葱根尖细胞比用低倍镜观察到的细胞数目、大小和视野的明暗情况依次为____,多、大、亮,少、小、暗,多、小、暗,少、大、暗,"我们来分析一下这道题目。当我们用高倍显微镜观察洋葱根尖细胞时，我们可以看到的细胞数目会比用低倍显微镜观察到的要少，因为高倍显微镜的视野范围更小。同时，由于高倍显微镜的放大倍数更高，所以我们观察到的细胞大小会显得更大。至于视野的明暗情况，由于高倍显微镜的物镜距离物体更近，光线会被更多地聚焦在细胞上，使得观察到的细胞更暗。

综上所述，用高倍显微镜观察洋葱根尖细胞比用低倍镜观察到的细胞数目、大小和视野的明暗情况依次为少、大、暗。因此，正确答案是：

D",D,D,,
151,下列关于生物进化的叙述，正确的____,自然选择学说认为，长颈鹿的长颈性状的形成是长期采食高处树叶的结果,超级细菌感染病例的出现，是因为抗生素的滥用促使细菌发生基因突变,人工饲养的公狮和母虎交配，产下的“狮虎兽”不育，说明狮和虎存在生殖隔离,19世纪的英国工业革命，使灰色桦尺蛾变成新物种——黑色桦尺蛾,"首先，我们来分析每个选项：

A: 自然选择学说认为，长颈鹿的长颈性状的形成是长期采食高处树叶的结果。
这个选项是错误的，因为自然选择学说认为，长颈鹿的长颈性状的形成是因为长颈鹿在采食高处树叶时具有优势，能够更好地生存和繁殖。这种性状是基因变异的结果，而非长期采食高处树叶的结果。

B: 超级细菌感染病例的出现，是因为抗生素的滥用促使细菌发生基因突变。
这个选项也是错误的，抗生素滥用确实会导致抗生素抗性细菌的增加，但抗生素滥用不会直接促使细菌发生基因突变。基因突变是随机发生的，抗生素滥用只是为抗性基因的筛选提供了条件。

C: 人工饲养的公狮和母虎交配，产下的“狮虎兽”不育，说明狮和虎存在生殖隔离。
这个选项是正确的。生殖隔离是指两个生物种群在自然条件下无法产生后代或产生的后代不具有繁殖能力。在这个例子中，公狮和母虎的杂交后代“狮虎兽”不育，说明狮和虎之间存在生殖隔离。

D: 19世纪的英国工业革命，使灰色桦尺蛾变成新物种——黑色桦尺蛾。
这个选项是错误的。工业革命导致环境污染，使得树干变黑，这为黑色桦尺蛾提供了更好的保护色，使得它们在自然选择中具有优势。然而，黑色桦尺蛾并非由灰色桦尺蛾进化而来的新物种，它们仍然属于同一物种。

综上所述，正确答案是：

C",C,C,,
152,下列有关生物膜的叙述正确的是____,生物膜上能产生[H]，但不消耗[H],生物膜上能消耗ATP，但不合成ATP,生物膜上的蛋白质含量和种类不会发生变化,生物膜上的蛋白质具有催化、运输和识别等功能,"我们来逐个分析这四个选项：

A: 生物膜上能产生[H]，但不消耗[H]。这个选项是错误的，因为生物膜上的细胞呼吸过程中，会产生和消耗[H]。

B: 生物膜上能消耗ATP，但不合成ATP。这个选项也是错误的，因为生物膜上有线粒体，它在细胞呼吸过程中可以合成ATP。

C: 生物膜上的蛋白质含量和种类不会发生变化。这个选项是错误的，因为生物膜上的蛋白质会根据细胞的需要进行调整，如在不同的环境条件下，细胞可能需要表达不同的转运蛋白。

D: 生物膜上的蛋白质具有催化、运输和识别等功能。这个选项是正确的，生物膜上的蛋白质有多种功能，包括酶催化反应、物质的转运、信号识别和传递等。

综上所述，正确答案是选项D。

D",D,D,,
153,"小麦高秆对矮秆为显性。现有甲、乙两种高秆小麦，其中一种为纯合子，利用现有材料完成下列任务：（1）鉴定并保留纯合子小麦；（2）育出矮秆小麦。最佳措施分别是____
①甲与乙杂交，得F1测交     ②甲、乙分别与隐性类型相交   
③甲与乙杂交得F1再自交     ④甲自交，乙自交",①③,①④,④③,④②,"题目中给出了两种高秆小麦，其中一种为纯合子。我们需要完成两个任务：（1）鉴定并保留纯合子小麦；（2）育出矮秆小麦。我们需要从给出的四个选项中，选择两个可以完成这两个任务的选项。

我们先分析每个选项的作用：

①甲与乙杂交，得F1测交：这个选项可以帮助我们判断甲和乙哪个是纯合子。如果F1代都是高秆，那么纯合子的高秆小麦就是那个和隐性矮秆杂交的亲本；如果F1代有矮秆，那么纯合子的高秆小麦就是另一个亲本。

②甲、乙分别与隐性类型相交：这个选项可以让我们直接鉴定出纯合子的高秆小麦，因为纯合子高秆小麦与矮秆杂交后的后代都是高秆，而杂合子高秆小麦与矮秆杂交后会出现矮秆后代。

③甲与乙杂交得F1再自交：这个选项可以让我们育出矮秆小麦，因为甲乙杂交后，F1代中可能会有杂合子高秆小麦（如果甲、乙中有一个是杂合子的话），杂合子高秆小麦自交后会有1/4的比例出现矮秆小麦。

④甲自交，乙自交：这个选项无法帮助我们鉴定纯合子小麦或者育出矮秆小麦，因为纯合子高秆小麦自交仍然是高秆，杂合子高秆小麦自交虽然会有矮秆后代，但我们无法确定是甲还是乙。

根据以上分析，选项①可以帮助我们鉴定纯合子小麦，选项③可以让我们育出矮秆小麦。因此，最佳措施是①和③。

A",A,D,,
154,"调查发现人群中夫妇双方均表现正常也能生出白化病患儿.研究表明白化病由一对等位基因控制。下列有关白化病遗传的叙述,错误的是____",致病基因是隐性基因,"如果夫妇双方都是携带者,他们生出白化病儿子的概率是1/8",如果夫妇双方一方是白化病患者，他们所生正常的子女一定是携带者,白化病患者与表现正常的人结婚，所生子女表现正常的概率是1,"首先，我们来分析每个选项：

A: 致病基因是隐性基因
这个说法是正确的。白化病是一种常染色体隐性遗传病，需要两个隐性基因才会表现出病状。夫妇双方都表现正常，但他们的孩子可能患有白化病，说明他们都是携带者，即他们的基因型为Aa。

B: 如果夫妇双方都是携带者，他们生出白化病儿子的概率是1/8
这个说法是错误的。夫妇双方都是携带者，那么他们的基因型都为Aa。根据孟德尔遗传定律，他们生育子女的基因型概率分布为：AA：Aa：Aa：aa = 1：2：1。所以，他们生出白化病孩子的概率是1/4，而不是1/8。这里没有提及孩子的性别，因此不需要考虑性别的影响。

C: 如果夫妇双方一方是白化病患者，他们所生正常的子女一定是携带者
这个说法是正确的。假设白化病患者的基因型为aa，另一方表现正常，那么其基因型为AA或Aa。根据孟德尔遗传定律，若正常一方的基因型为AA，那么他们的子女基因型全部为Aa，即全部为携带者；若正常一方的基因型为Aa，那么他们的子女基因型分布为Aa：aa = 1：1，即正常子女的基因型为Aa，也是携带者。

D: 白化病患者与表现正常的人结婚，所生子女表现正常的概率是1
这个说法是错误的。根据前面的分析，若表现正常的一方基因型为AA，那么子女全部为携带者，表现正常的概率为1；若表现正常的一方基因型为Aa，那么子女基因型分布为Aa：aa = 1：1，表现正常的概率为1/2。

综上所述，错误的叙述是选项B。

B",B,D,,
155,鉴定生物组织中蛋白质的化学试剂____,龙胆紫染液,苏丹Ⅲ染液,双缩脲试剂,斐林试剂,"在这道题目中，我们需要找出能够鉴定生物组织中蛋白质的化学试剂。下面是每个选项的解释：

A: 龙胆紫染液 - 这是一种常用于显微镜下观察细胞核的染色剂，主要用于染色DNA，与蛋白质鉴定无关。

B: 苏丹Ⅲ染液 - 这是一种脂肪染色剂，主要用于检测脂肪和脂质，与蛋白质鉴定无关。

C: 双缩脲试剂 - 这是一种用于检测蛋白质的试剂。它与蛋白质中的肽键发生反应，生成紫色的络合物，从而鉴定出蛋白质的存在。

D: 斐林试剂 - 这是一种用于检测还原糖的试剂，与蛋白质鉴定无关。

根据以上解释，我们可以得出正确答案是C选项。

C",C,C,,
156,具有两对相对性状的纯合子杂交，按自由组合规律遗传，在中能够稳定遗传的个体数占____,$l/16$,$2/16$,$3/16$,$4/16$,"我们来分析这个问题。题目中提到具有两对相对性状的纯合子杂交，按自由组合规律遗传。我们可以设这两对性状分别为A和a，B和b。那么杂交的父母可以表示为AA BB和aa bb。

根据孟德尔的自由组合规律，这两对性状在子代中的组合是独立的，所以我们可以分别计算A和B的杂交组合。

对于A与a的组合，纯合子杂交后子代的基因型为Aa，所以第二代子代基因型的比例为：AA：Aa：aa = 1：2：1。

对于B与b的组合，纯合子杂交后子代的基因型为Bb，所以第二代子代基因型的比例为：BB：Bb：bb = 1：2：1。

我们将这两个比例相乘，得到所有可能的组合：
AA BB：AA Bb：AA bb
Aa BB：Aa Bb：Aa bb
aa BB：aa Bb：aa bb

比例为：1：2：1（横向）× 1：2：1（纵向）= 1：4：1（横向）× 1：4：1（纵向）= 1：4：6：4：1（横向）× 1：4：1（纵向）

所以，具有两对相对性状的纯合子杂交，按自由组合规律遗传，在F2代能够稳定遗传的个体数占的比例为两个性状的纯合子个体数占总个体数的比例，即AA BB、Aa Bb、aa BB、aa bb这四个纯合子组合。

这四个纯合子组合在上述比例中分别占1/16、1/16、1/16、1/16。所以稳定遗传的个体数占的比例为4/16。

因此，答案是：

D",D,D,,
157,下列不属于相对性状的是____,果蝇的红眼和白眼,桃树的红花与绿叶,人类的白化病与正常肤色,人类的双眼皮与单眼皮,"在这道题目中，我们需要找到一个不属于相对性状的选项。相对性状是指由多对基因共同作用决定的性状，它们的表现具有连续的变化范围。

A: 果蝇的红眼和白眼 - 这是一个由单个基因决定的性状，因为红眼和白眼是由一个基因的两个等位基因决定的。所以这是一个绝对性状。

B: 桃树的红花与绿叶 - 这个性状通常是由多对基因共同作用决定的，因此它是一个相对性状。

C: 人类的白化病与正常肤色 - 白化病是一种遗传病，由单个基因决定。正常肤色是由多个基因共同决定的。所以这个选项包含了相对性状和绝对性状。

D: 人类的双眼皮与单眼皮 - 这个性状是由多个基因共同决定的，因此它是一个相对性状。

根据以上分析，不属于相对性状的选项是A: 果蝇的红眼和白眼。

A",A,B,,
158,生物膜的化学成分主要是____,磷脂和胆固醇,载体蛋白,蛋白质、磷脂,膜蛋白和糖蛋白,"生物膜的化学成分主要包括蛋白质、磷脂、胆固醇、糖蛋白等。

选项A: 磷脂和胆固醇。这两种物质都是生物膜的重要成分，但它们并不是生物膜的全部化学成分。

选项B: 载体蛋白。载体蛋白是膜上的一种蛋白质，负责物质的跨膜运输，但并不是生物膜的全部化学成分。

选项C: 蛋白质、磷脂。这两种物质是生物膜的主要成分，蛋白质在生物膜中起到多种功能，如通道蛋白、酶、受体等；磷脂则构成了生物膜的基本骨架。

选项D: 膜蛋白和糖蛋白。膜蛋白是生物膜上的蛋白质，糖蛋白是糖与蛋白质结合的复合物，它们都是生物膜的重要成分，但它们并不是生物膜的全部化学成分。

综合以上分析，选项C最符合题目要求。

C",C,C,,
159,蔬菜和水果长时间储蓄、保鲜应保持：____,低温、高氧,低温、低氧,高温、高氧,高温、低氧,"为了保持蔬菜和水果的新鲜度，我们需要考虑两个主要因素：温度和氧气浓度。

首先，我们来分析温度。低温有助于减缓生物体的新陈代谢速度，从而降低蔬菜和水果的腐烂速度。因此，我们可以排除C和D选项，因为它们都是高温。

接下来，我们考虑氧气浓度。蔬菜和水果在储存过程中会进行呼吸作用，产生能量并消耗氧气。如果氧气浓度过高，生物体的呼吸作用会加速，导致新陈代谢速度增加，从而使蔬菜和水果更容易腐烂。因此，我们需要保持低氧环境以减缓呼吸作用。所以，正确答案应该是低温、低氧。

B",B,B,,
160,下列有关细胞凋亡的例子，叙述不正确的是____,细胞的凋亡对于维持生物体内部环境的稳定是不利的,人的胚胎发育早期有尾部，最后尾部消失属于细胞凋亡,细胞的自然更新、被病原体感染的细胞的清除也是通过细胞凋亡完成的,子宫内膜的周期性脱落属于细胞凋亡,"我们来分析一下每个选项：

A: 细胞的凋亡对于维持生物体内部环境的稳定是不利的。这个说法是错误的。细胞凋亡是一个自然的、有序的过程，它对维持生物体内部环境的稳定是有利的。细胞凋亡可以消除老化、受损或者被病原体感染的细胞，从而维持生物体的正常功能。

B: 人的胚胎发育早期有尾部，最后尾部消失属于细胞凋亡。这个说法是正确的。在人类胚胎发育过程中，尾部的消失是由于细胞凋亡引起的。

C: 细胞的自然更新、被病原体感染的细胞的清除也是通过细胞凋亡完成的。这个说法是正确的。细胞凋亡是一个重要的生物过程，它可以帮助生物体清除老化、受损或被病原体感染的细胞，从而维持生物体的正常功能。

D: 子宫内膜的周期性脱落属于细胞凋亡。这个说法是正确的。子宫内膜的周期性脱落是女性月经周期的一个过程，这个过程中，子宫内膜的细胞会经历凋亡，从而导致子宫内膜的脱落。

综合以上分析，我们可以得出答案是：

A",A,A,,
161,下列有关显微镜使用的实验操作，错误的是____,使用高倍镜观察时，应轻轻转动细准焦螺旋，直到看清物像为止,若物像偏于左上方，需向右下方移动装片方能在视野中央看清物像,在低倍镜下观察清楚后，换高倍镜观察，把要放大的物像移到视野中央,转动转换器换高倍镜，高倍镜下视野较暗，应调大光圈，换凹面反光镜,"我们来分析一下每一个选项：

A: 使用高倍镜观察时，应轻轻转动细准焦螺旋，直到看清物像为止。这个描述是正确的，因为在使用高倍镜观察时，需要通过调整细准焦螺旋来使物像清晰可见。

B: 若物像偏于左上方，需向右下方移动装片方能在视野中央看清物像。这个描述也是正确的，因为物像在显微镜视野中的移动方向与载物台移动方向是相反的。

C: 在低倍镜下观察清楚后，换高倍镜观察，把要放大的物像移到视野中央。这个描述是正确的，因为在从低倍镜换到高倍镜观察时，确保物像在视野中央有利于快速找到并清晰观察物像。

D: 转动转换器换高倍镜，高倍镜下视野较暗，应调大光圈，换凹面反光镜。这个描述是错误的。因为在高倍镜下视野较暗时，应该调小光圈，以减少光线的散射，提高成像的清晰度。

综上所述，错误的选项是：
D",D,B,,
162,缓解全球温室效应危机的重要措施之一是____,种植柳杉等能大量吸收有害气体的植物,进行人工降雨,控制$CO_2$的排放,减少制冷剂的使用,"我们先来分析一下各个选项：

A: 种植柳杉等能大量吸收有害气体的植物。植物通过光合作用可以吸收$CO_2$，同时释放氧气。增加植被可以增加对$CO_2$的吸收，减缓温室效应。

B: 进行人工降雨。人工降雨可以改变局部地区的降雨量，但对全球温室效应的影响较小。

C: 控制$CO_2$的排放。$CO_2$是导致温室效应的主要气体之一，减少$CO_2$的排放可以减缓温室效应。

D: 减少制冷剂的使用。制冷剂主要是影响臭氧层的物质，与温室效应关系不大。

综上所述，C 是最佳答案。",C,C,,
163,下列关于有丝分裂的叙述中，正确的是____,分裂间期进行染色体复制，染色体数目加倍,有丝分裂中期是观察染色体的最佳时期,有丝分裂后期纺锤体消失,有丝分裂末期，可观察到赤道板逐渐形成,"我们来逐个分析每个选项：

A: 分裂间期进行染色体复制，染色体数目加倍
分裂间期是有丝分裂的准备阶段，染色体确实会在这个阶段复制，从而使染色体数目加倍。因此，这个选项是正确的。

B: 有丝分裂中期是观察染色体的最佳时期
在有丝分裂的中期，染色体处于最短而最粗的状态，因此观察染色体的最佳时期确实是在有丝分裂的中期。这个选项也是正确的。

C: 有丝分裂后期纺锤体消失
在有丝分裂的后期，纺锤体并不会消失，而是会进一步发展。这个选项是错误的。

D: 有丝分裂末期，可观察到赤道板逐渐形成
在有丝分裂的末期，赤道板逐渐消失，染色体开始分离。这个选项是错误的。

综上所述，正确答案是：

A",A,B,,
164,组成DNA和RNA的五碳糖、碱基、核苷酸和磷酸的种类分别是____,2、5、8、1,1、2、5、8,8、2、5、1,2、5、5、1,"我们来分析一下题目给出的选项。

首先，DNA和RNA的五碳糖有两种，分别是脱氧核糖（DNA中）和核糖（RNA中）。所以五碳糖的种类是2。

其次，碱基有5种，分别是腺嘌呤（A）、鸟嘌呤（G）、胞嘧啶（C）、胸腺嘧啶（T，仅存在于DNA中）和尿嘧啶（U，仅存在于RNA中）。

接下来，核苷酸是由五碳糖、磷酸和碱基组成。在DNA中有4种核苷酸（ATCG），在RNA中也有4种核苷酸（AUCG），所以总共有8种不同的核苷酸。

最后，磷酸在DNA和RNA中都是一样的，所以磷酸的种类是1。

综上所述，组成DNA和RNA的五碳糖、碱基、核苷酸和磷酸的种类分别是2、5、8、1。所以正确答案是：

A",A,A,,
165,下列有关植物遗传的叙述，正确的是____,由A、C、T、U四种碱基参与合成的核苷酸共有4种,一个转运RNA只有三个碱基并且只携带一个特定的氨基酸,一个用15N标记的双链DNA分子在含有14N的培养基中连续复制两次后，所得的后代DNA分子中含15N和14N的脱氧核苷酸单链数之比为1∶3,控制细胞核遗传和细胞质遗传的物质分别是DNA和 RNA,"首先，我们逐个分析每个选项：

A: 由A、C、T、U四种碱基参与合成的核苷酸共有4种

这个选项不正确，因为在DNA中，碱基有A、T、C、G四种，而在RNA中，碱基有A、U、C、G四种。所以，不能说只有4种核苷酸。

B: 一个转运RNA只有三个碱基并且只携带一个特定的氨基酸

这个选项也不正确。转运RNA（tRNA）的作用是在蛋白质合成过程中将氨基酸携带到核糖体上，但tRNA分子上不止有三个碱基。tRNA分子上有一个特定的三碱基序列，称为反密码子，它与mRNA上的密码子互补配对。虽然一个tRNA分子只携带一个特定的氨基酸，但tRNA分子本身的碱基数量远多于三个。

C: 一个用15N标记的双链DNA分子在含有14N的培养基中连续复制两次后，所得的后代DNA分子中含15N和14N的脱氧核苷酸单链数之比为1∶3

这个选项是正确的。根据Meselson和Stahl的实验，DNA复制是半保留的。首先，用15N标记的双链DNA分子在含有14N的培养基中复制一次，得到一个含有15N和14N的杂合子DNA分子（15N-14N）和一个全14N的DNA分子（14N-14N）。然后，这两个分子再分别复制一次，15N-14N的分子产生一个15N-14N分子和一个14N-14N分子，14N-14N的分子产生两个14N-14N分子。所以，最终的比例是1（15N单链）：3（14N单链）。

D: 控制细胞核遗传和细胞质遗传的物质分别是DNA和 RNA

这个选项不正确。细胞核遗传是由DNA控制的，这点是对的。但细胞质遗传不是由RNA控制的，而是由细胞质中的一些特殊结构，如线粒体和叶绿体等负责的。这些细胞器中也包含有自己的DNA，称为细胞器DNA，它们可以独立于核DNA进行复制和遗传。

综上所述，正确答案是选项C。

C",C,C,,
166,下列生物性状中，不属于相对性状的是____,豌豆子叶黄色与绿色,小麦种子的白粒与红粒,狗的卷毛与白毛,小麦有芒和无芒,"在这道题目中，我们需要找到不属于相对性状的生物性状。

相对性状是指生物体的性状表现取决于基因型与环境之间的相互作用。换句话说，相对性状不能仅仅通过遗传决定，还受到环境因素的影响。

我们来分析一下每个选项：
A: 豌豆子叶黄色与绿色 - 这是孟德尔遗传实验中的一个性状，绿色和黄色子叶是由基因决定的，与环境无关，不属于相对性状。
B: 小麦种子的白粒与红粒 - 这个性状同样受基因控制，与环境无关，不属于相对性状。
C: 狗的卷毛与白毛 - 狗的毛色和毛型是由基因决定的，与环境无关，不属于相对性状。
D: 小麦有芒和无芒 - 小麦的芒性状由基因决定，但在某些情况下，受环境影响较大，属于相对性状。

根据以上分析，我们可以得出答案为：

D",D,C,,
167,下列哪一项是光合作用、有氧呼吸和无氧呼吸共有的?____,产生$C0_2$,分解葡萄糖,产生ATP,放出$O_2$,"我们首先分析每一个选项：

A: 产生$CO_2$。光合作用实际上是消耗$CO_2$的过程，而有氧呼吸和无氧呼吸都会产生$CO_2$。因此，这个选项不是共有的过程。

B: 分解葡萄糖。光合作用是通过光能将$CO_2$和$H_2O$转化为葡萄糖和$O_2$的过程，而不是分解葡萄糖。有氧呼吸和无氧呼吸都涉及到分解葡萄糖。因此，这个选项也不是共有的过程。

C: 产生ATP。光合作用、有氧呼吸和无氧呼吸的主要目的都是为了产生能量，这种能量以ATP的形式储存。因此，所有这些过程都会产生ATP。

D: 放出$O_2$。光合作用会放出$O_2$，但有氧呼吸和无氧呼吸不会。有氧呼吸会消耗$O_2$，而无氧呼吸在整个过程中不涉及$O_2$。因此，这个选项也不是共有的过程。

根据以上分析，我们可以得出结论：光合作用、有氧呼吸和无氧呼吸共有的过程是产生ATP。

C",C,C,,
168,豚鼠的黑毛对白毛是显性，如果一对杂合的黑色豚鼠交配，产生的后代4仔，它们的表现型是____,全部黑色,三黑一白,一黑三白,ABC三种都有可能,"这是一个关于孟德尔遗传的问题。题目中提到，豚鼠的黑毛对白毛是显性，也就是说黑毛是显性基因，白毛是隐性基因。我们可以用大写字母代表显性基因，小写字母代表隐性基因。所以，黑毛用“B”表示，白毛用“b”表示。

题目中说一对杂合的黑色豚鼠交配，也就是说父母豚鼠的基因型都是Bb。我们可以用杂交方格来计算后代的基因型和表现型比例。

杂交方格如下：

  | B | b
---------
B | BB | Bb
---------
b | Bb | bb

从上面的杂交方格我们可以看到，后代的基因型有四种可能组合：BB、Bb、Bb、bb。表现型上，BB和Bb都是黑色，bb是白色。所以，后代的表现型比例是3黑1白。

所以，正确答案是 B。",B,D,,
169,下列有关植物的杂交育种方案中，难以直接达到研究目的的是____,用杂交育种的方法，将不同个体上控制优良性状的不同基因集中于一个个体上,用具有相对性状的个体杂交，研究哪个性状是显性性状,用显性雌性个体与隐性雄性个体杂交，研究某基因是否位于X染色体上,用测交法研究某个体是否是纯合子,"我们可以先分析每个选项的可行性：

A: 用杂交育种的方法，将不同个体上控制优良性状的不同基因集中于一个个体上。这是杂交育种的一个常见目标，通过将优良性状的基因组合在一个个体上，可以研究和改良植物品种。所以这个选项是可行的。

B: 用具有相对性状的个体杂交，研究哪个性状是显性性状。通过观察杂交后代的性状表现，我们可以判断哪个性状是显性的，哪个是隐性的。这也是一个常见的遗传学实验方法。所以这个选项是可行的。

C: 用显性雌性个体与隐性雄性个体杂交，研究某基因是否位于X染色体上。这里的问题在于，植物的性染色体不同于动物的XY性染色体系统。植物的性别决定通常与多个基因相关，而且植物的性染色体系统通常不分为X和Y。因此，这个选项难以直接达到研究目的。

D: 用测交法研究某个体是否是纯合子。测交法是通过将待测个体与已知的纯合隐性个体杂交，观察后代的性状表现来判断待测个体是否是纯合子。这是一种常用的遗传学实验方法。所以这个选项是可行的。

根据以上分析，我们可以得出答案：
C",C,C,,
170,细胞学说揭示了____,植物细胞与动物细胞的区别,细胞统一性和生物体结构的统一性,细胞为什么要产生新细胞,人们对细胞的认识是一个艰难曲折的过程,"我们首先分析一下每个选项：

A: 细胞学说揭示了植物细胞与动物细胞的区别。细胞学说主要阐述了所有生物体都是由细胞和细胞产物组成的，而不是关注植物细胞和动物细胞之间的区别。所以这个选项不正确。

B: 细胞统一性和生物体结构的统一性。细胞学说阐述了所有生物体都是由细胞和细胞产物组成的，这确实揭示了生物体结构的统一性。同时，细胞学说也说明了细胞是生物体的基本结构和功能单位，显示了细胞的统一性。所以这个选项是一个可能的正确答案。

C: 细胞为什么要产生新细胞。细胞学说解释了生物体是由细胞组成的，但它并没有解释细胞为什么要产生新细胞。这个选项不正确。

D: 人们对细胞的认识是一个艰难曲折的过程。虽然这个说法本身是正确的，但这并不是细胞学说揭示的内容。所以这个选项不正确。

综合以上分析，正确答案是：

B",B,B,,
171,细胞学说揭示了____,植物细胞与动物细胞的区别,生物体结构的统一性,细胞为什么要产生新细胞,人们对细胞的认识是一个艰难曲折的过程,"我们首先分析一下每个选项：

A: 植物细胞与动物细胞的区别
细胞学说并不是专门揭示植物细胞和动物细胞的区别，而是关于细胞结构和功能的基本理论。

B: 生物体结构的统一性
细胞学说确实揭示了生物体结构的统一性，因为所有生物体都是由细胞组成的。

C: 细胞为什么要产生新细胞
细胞学说并不直接解释细胞为什么要产生新细胞，而是关于细胞结构和功能的基本理论。

D: 人们对细胞的认识是一个艰难曲折的过程
这个选项描述的是人们对细胞的认识过程，而不是细胞学说揭示的内容。

综合分析，细胞学说揭示的是生物体结构的统一性，因此正确答案是：

B",B,B,,
172,下列不属于基因和染色体行为存在平行关系证据的是____,基因有完整性和独立性，但染色体的结构会发生变化，从染色体转变成染色质,在体细胞中，基因和染色体都是成对存在的,成对的基因和同源染色体都是一个来自父方，一个来自母方,在减数分裂过程中，非等位基因与非同源染色体都会发生自由组合,"我们逐个分析每个选项：

A: 基因有完整性和独立性，但染色体的结构会发生变化，从染色体转变成染色质。这个选项指出了基因和染色体之间的一个区别，即染色体的结构会发生变化，而基因保持完整性和独立性。这个选项是正确的，但不是我们要寻找的答案，因为我们要找的是不属于基因和染色体行为存在平行关系证据的选项。

B: 在体细胞中，基因和染色体都是成对存在的。这个选项是正确的，因为在体细胞中，基因和染色体都是成对存在的，一个来自父亲，一个来自母亲。这是基因和染色体行为的一个平行关系证据。

C: 成对的基因和同源染色体都是一个来自父方，一个来自母方。这个选项也是正确的，因为成对的基因和同源染色体确实都是一个来自父亲，一个来自母亲。这也是基因和染色体行为的一个平行关系证据。

D: 在减数分裂过程中，非等位基因与非同源染色体都会发生自由组合。这个选项是错误的，因为在减数分裂过程中，等位基因和同源染色体会发生自由组合，而非等位基因和非同源染色体不会发生自由组合。因此，这个选项不属于基因和染色体行为存在平行关系的证据。

综上所述，不属于基因和染色体行为存在平行关系证据的选项是D。

D",D,A,,
173,动物细胞内不具有的结构是____,细胞核,叶绿体,细胞膜,线粒体,"我们来分析一下每个选项：

A: 细胞核 - 动物细胞内是有细胞核的，它是细胞的控制中心，负责储存和管理遗传信息。

B: 叶绿体 - 叶绿体主要存在于植物细胞中，它是光合作用的场所，负责将光能转化为化学能。动物细胞中没有叶绿体。

C: 细胞膜 - 动物细胞内有细胞膜，它是细胞的外层结构，负责保护细胞内的结构和维持细胞的形状，同时也具有物质进出细胞的调控作用。

D: 线粒体 - 线粒体存在于动物细胞中，它是细胞的能量工厂，负责为细胞提供能量。

综合以上分析，动物细胞内不具有的结构是叶绿体。

B",B,B,,
174,"某种蝇的翅的表现型由一对等位基因控制,如果翅异常雌蝇与翅正常的雄蝇杂交后代中25％为雄蝇翅异常、25％为雌蝇翅异常、25％雄蝇翅正常、25％雌蝇翅正常，那么,翅异常不可能由____",常染色体上的显性基因控制,X染色体上的显性基因控制,常染色体上的隐性基因控制,X染色体上的隐性基因控制,"我们首先分析这个问题。题目中提到，翅异常雌蝇与翅正常的雄蝇杂交后代中，翅异常和翅正常的雄蝇和雌蝇比例都是25%。这意味着雌蝇和雄蝇的翅异常和翅正常在遗传方面是相互独立的。

接下来，我们分析每个选项：

A: 常染色体上的显性基因控制
如果翅异常是由常染色体上的显性基因控制，那么雌蝇的基因型应该是AA（A代表翅异常的显性基因），雄蝇的基因型应该是aa（a代表翅正常的隐性基因）。根据孟德尔遗传定律，他们的后代应该都是Aa，即翅异常。这与题目中给出的比例不符。

B: X染色体上的显性基因控制
如果翅异常是由X染色体上的显性基因控制，那么雌蝇的基因型应该是XX'（X'代表翅异常的显性基因），雄蝇的基因型应该是X'Y。他们的后代雌蝇应该是XX'或者XX，雄蝇应该是X'Y或者XY。这符合题目给出的比例。

C: 常染色体上的隐性基因控制
如果翅异常是由常染色体上的隐性基因控制，那么雌蝇的基因型应该是aa，雄蝇的基因型应该是Aa。根据孟德尔遗传定律，他们的后代中50%应该是Aa，翅正常，50%应该是aa，翅异常。这与题目中给出的比例不符。

D: X染色体上的隐性基因控制
如果翅异常是由X染色体上的隐性基因控制，那么雌蝇的基因型应该是xx（x代表翅异常的隐性基因），雄蝇的基因型应该是Xy（y代表没有翅异常的Y染色体）。他们的后代雌蝇应该是Xx或者xx，雄蝇应该是Xy或者xy。这与题目中给出的比例不符。

综上所述，翅异常不可能由常染色体上的显性基因控制、常染色体上的隐性基因控制和X染色体上的隐性基因控制。

B",B,B,,
